# --- WireDatabaseBackup {"time":"2017-10-07 12:31:26","user":"admin","dbName":"neeltjechanterie_be_cms_pw","description":"","tables":[],"excludeTables":[],"excludeCreateTables":[],"excludeExportTables":[]}

DROP TABLE IF EXISTS `caches`;
CREATE TABLE `caches` (
  `name` varchar(250) NOT NULL,
  `data` mediumtext NOT NULL,
  `expires` datetime NOT NULL,
  PRIMARY KEY (`name`),
  KEY `expires` (`expires`)
) ENGINE=MyISAM DEFAULT CHARSET=utf8;

INSERT INTO `caches` (`name`, `data`, `expires`) VALUES('Modules.wire/modules/', 'AdminTheme/AdminThemeDefault/AdminThemeDefault.module\nAdminTheme/AdminThemeReno/AdminThemeReno.module\nFieldtype/FieldtypeCache.module\nFieldtype/FieldtypeCheckbox.module\nFieldtype/FieldtypeComments/CommentFilterAkismet.module\nFieldtype/FieldtypeComments/FieldtypeComments.module\nFieldtype/FieldtypeComments/InputfieldCommentsAdmin.module\nFieldtype/FieldtypeDatetime.module\nFieldtype/FieldtypeEmail.module\nFieldtype/FieldtypeFieldsetClose.module\nFieldtype/FieldtypeFieldsetOpen.module\nFieldtype/FieldtypeFieldsetTabOpen.module\nFieldtype/FieldtypeFile.module\nFieldtype/FieldtypeFloat.module\nFieldtype/FieldtypeImage.module\nFieldtype/FieldtypeInteger.module\nFieldtype/FieldtypeModule.module\nFieldtype/FieldtypeOptions/FieldtypeOptions.module\nFieldtype/FieldtypePage.module\nFieldtype/FieldtypePageTable.module\nFieldtype/FieldtypePageTitle.module\nFieldtype/FieldtypePassword.module\nFieldtype/FieldtypeRepeater/FieldtypeRepeater.module\nFieldtype/FieldtypeRepeater/InputfieldRepeater.module\nFieldtype/FieldtypeSelector.module\nFieldtype/FieldtypeText.module\nFieldtype/FieldtypeTextarea.module\nFieldtype/FieldtypeURL.module\nFileCompilerTags.module\nImageSizerEngineIMagick.module\nInputfield/InputfieldAsmSelect/InputfieldAsmSelect.module\nInputfield/InputfieldButton.module\nInputfield/InputfieldCheckbox.module\nInputfield/InputfieldCheckboxes/InputfieldCheckboxes.module\nInputfield/InputfieldCKEditor/InputfieldCKEditor.module\nInputfield/InputfieldDatetime/InputfieldDatetime.module\nInputfield/InputfieldEmail.module\nInputfield/InputfieldFieldset.module\nInputfield/InputfieldFile/InputfieldFile.module\nInputfield/InputfieldFloat.module\nInputfield/InputfieldForm.module\nInputfield/InputfieldHidden.module\nInputfield/InputfieldIcon/InputfieldIcon.module\nInputfield/InputfieldImage/InputfieldImage.module\nInputfield/InputfieldInteger.module\nInputfield/InputfieldMarkup.module\nInputfield/InputfieldName.module\nInputfield/InputfieldPage/InputfieldPage.module\nInputfield/InputfieldPageAutocomplete/InputfieldPageAutocomplete.module\nInputfield/InputfieldPageListSelect/InputfieldPageListSelect.module\nInputfield/InputfieldPageListSelect/InputfieldPageListSelectMultiple.module\nInputfield/InputfieldPageName/InputfieldPageName.module\nInputfield/InputfieldPageTable/InputfieldPageTable.module\nInputfield/InputfieldPageTitle/InputfieldPageTitle.module\nInputfield/InputfieldPassword/InputfieldPassword.module\nInputfield/InputfieldRadios/InputfieldRadios.module\nInputfield/InputfieldSelect.module\nInputfield/InputfieldSelectMultiple.module\nInputfield/InputfieldSelector/InputfieldSelector.module\nInputfield/InputfieldSubmit/InputfieldSubmit.module\nInputfield/InputfieldText.module\nInputfield/InputfieldTextarea.module\nInputfield/InputfieldURL.module\nJquery/JqueryCore/JqueryCore.module\nJquery/JqueryMagnific/JqueryMagnific.module\nJquery/JqueryTableSorter/JqueryTableSorter.module\nJquery/JqueryUI/JqueryUI.module\nJquery/JqueryWireTabs/JqueryWireTabs.module\nLanguageSupport/FieldtypePageTitleLanguage.module\nLanguageSupport/FieldtypeTextareaLanguage.module\nLanguageSupport/FieldtypeTextLanguage.module\nLanguageSupport/LanguageSupport.module\nLanguageSupport/LanguageSupportFields.module\nLanguageSupport/LanguageSupportPageNames.module\nLanguageSupport/LanguageTabs.module\nLanguageSupport/ProcessLanguage.module\nLanguageSupport/ProcessLanguageTranslator.module\nLazyCron.module\nMarkup/MarkupAdminDataTable/MarkupAdminDataTable.module\nMarkup/MarkupCache.module\nMarkup/MarkupHTMLPurifier/MarkupHTMLPurifier.module\nMarkup/MarkupPageArray.module\nMarkup/MarkupPageFields.module\nMarkup/MarkupPagerNav/MarkupPagerNav.module\nMarkup/MarkupRSS.module\nPage/PageFrontEdit/PageFrontEdit.module\nPagePathHistory.module\nPagePaths.module\nPagePermissions.module\nPageRender.module\nProcess/ProcessCommentsManager/ProcessCommentsManager.module\nProcess/ProcessField/ProcessField.module\nProcess/ProcessForgotPassword.module\nProcess/ProcessHome.module\nProcess/ProcessList.module\nProcess/ProcessLogger/ProcessLogger.module\nProcess/ProcessLogin/ProcessLogin.module\nProcess/ProcessModule/ProcessModule.module\nProcess/ProcessPageAdd/ProcessPageAdd.module\nProcess/ProcessPageClone.module\nProcess/ProcessPageEdit/ProcessPageEdit.module\nProcess/ProcessPageEditImageSelect/ProcessPageEditImageSelect.module\nProcess/ProcessPageEditLink/ProcessPageEditLink.module\nProcess/ProcessPageList/ProcessPageList.module\nProcess/ProcessPageLister/ProcessPageLister.module\nProcess/ProcessPageSearch/ProcessPageSearch.module\nProcess/ProcessPageSort.module\nProcess/ProcessPageTrash.module\nProcess/ProcessPageType/ProcessPageType.module\nProcess/ProcessPageView.module\nProcess/ProcessPermission/ProcessPermission.module\nProcess/ProcessProfile/ProcessProfile.module\nProcess/ProcessRecentPages/ProcessRecentPages.module\nProcess/ProcessRole/ProcessRole.module\nProcess/ProcessTemplate/ProcessTemplate.module\nProcess/ProcessUser/ProcessUser.module\nSession/SessionHandlerDB/ProcessSessionDB.module\nSession/SessionHandlerDB/SessionHandlerDB.module\nSession/SessionLoginThrottle/SessionLoginThrottle.module\nSystem/SystemNotifications/FieldtypeNotifications.module\nSystem/SystemNotifications/SystemNotifications.module\nSystem/SystemUpdater/SystemUpdater.module\nTextformatter/TextformatterEntities.module\nTextformatter/TextformatterMarkdownExtra/TextformatterMarkdownExtra.module\nTextformatter/TextformatterNewlineBR.module\nTextformatter/TextformatterNewlineUL.module\nTextformatter/TextformatterPstripper.module\nTextformatter/TextformatterSmartypants/TextformatterSmartypants.module\nTextformatter/TextformatterStripTags.module', '2010-04-08 03:10:10');
INSERT INTO `caches` (`name`, `data`, `expires`) VALUES('FileCompiler__ec206b1d4aa03e6ef3b8b3ff28936550', '{\"source\":{\"file\":\"\\/Applications\\/MAMP\\/htdocs\\/processwire\\/site\\/modules\\/MarkupBlog\\/MarkupBlog.module\",\"hash\":\"4f046010de806a694721c7f1d8132307\",\"size\":60587,\"time\":1507140673,\"ns\":\"\\\\\"},\"target\":{\"file\":\"\\/Applications\\/MAMP\\/htdocs\\/processwire\\/site\\/assets\\/cache\\/FileCompiler\\/site\\/modules\\/MarkupBlog\\/MarkupBlog.module\",\"hash\":\"213c437c6edef956add8d99b3ef34c64\",\"size\":61267,\"time\":1507140673}}', '2010-04-08 03:10:10');
INSERT INTO `caches` (`name`, `data`, `expires`) VALUES('FileCompiler__d81723e9acfc538770bd60e8bfd39aab', '{\"source\":{\"file\":\"\\/Applications\\/MAMP\\/htdocs\\/processwire\\/site\\/modules\\/MarkupBlog\\/ProcessBlog.module\",\"hash\":\"d11b8eead4ed53e85f74102d8acd8c15\",\"size\":120058,\"time\":1507140673,\"ns\":\"\\\\\"},\"target\":{\"file\":\"\\/Applications\\/MAMP\\/htdocs\\/processwire\\/site\\/assets\\/cache\\/FileCompiler\\/site\\/modules\\/MarkupBlog\\/ProcessBlog.module\",\"hash\":\"1919982c06f05100f301f9d429ea92c4\",\"size\":122248,\"time\":1507140673}}', '2010-04-08 03:10:10');
INSERT INTO `caches` (`name`, `data`, `expires`) VALUES('Permissions.names', '{\"blog\":1015,\"db-backup\":1043,\"logs-edit\":1013,\"logs-view\":1012,\"page-delete\":34,\"page-edit\":32,\"page-edit-recent\":1010,\"page-lister\":1006,\"page-lock\":54,\"page-move\":35,\"page-sort\":50,\"page-template\":51,\"page-view\":36,\"profile-edit\":53,\"user-admin\":52}', '2010-04-08 03:10:10');
INSERT INTO `caches` (`name`, `data`, `expires`) VALUES('FileCompiler__b016eae85573c3a47689dcc74d722b4e', '{\"source\":{\"file\":\"\\/Applications\\/MAMP\\/htdocs\\/processwire\\/site\\/modules\\/ProcessDatabaseBackups\\/ProcessDatabaseBackups.module\",\"hash\":\"e5dea11b1afb638b9a47edcb10eab399\",\"size\":12324,\"time\":1507230918,\"ns\":\"\\\\\"},\"target\":{\"file\":\"\\/Applications\\/MAMP\\/htdocs\\/processwire\\/site\\/assets\\/cache\\/FileCompiler\\/site\\/modules\\/ProcessDatabaseBackups\\/ProcessDatabaseBackups.module\",\"hash\":\"b60bbe3016c7d47159d299c1b87ae4e6\",\"size\":12441,\"time\":1507230918}}', '2010-04-08 03:10:10');
INSERT INTO `caches` (`name`, `data`, `expires`) VALUES('ModulesVerbose.info', '{\"148\":{\"summary\":\"Minimal admin theme that supports all ProcessWire features.\",\"core\":true,\"versionStr\":\"0.1.4\"},\"162\":{\"summary\":\"Admin theme for ProcessWire 2.5+ by Tom Reno (Renobird)\",\"author\":\"Tom Reno (Renobird)\",\"core\":true,\"versionStr\":\"0.1.7\"},\"97\":{\"summary\":\"This Fieldtype stores an ON\\/OFF toggle via a single checkbox. The ON value is 1 and OFF value is 0.\",\"core\":true,\"versionStr\":\"1.0.1\"},\"166\":{\"summary\":\"Field that stores user posted comments for a single Page\",\"core\":true,\"versionStr\":\"1.0.7\"},\"167\":{\"summary\":\"Provides an administrative interface for working with comments\",\"core\":true,\"versionStr\":\"1.0.4\"},\"28\":{\"summary\":\"Field that stores a date and optionally time\",\"core\":true,\"versionStr\":\"1.0.4\"},\"29\":{\"summary\":\"Field that stores an e-mail address\",\"core\":true,\"versionStr\":\"1.0.0\"},\"106\":{\"summary\":\"Close a fieldset opened by FieldsetOpen. \",\"core\":true,\"versionStr\":\"1.0.0\"},\"105\":{\"summary\":\"Open a fieldset to group fields. Should be followed by a Fieldset (Close) after one or more fields.\",\"core\":true,\"versionStr\":\"1.0.0\"},\"107\":{\"summary\":\"Open a fieldset to group fields. Same as Fieldset (Open) except that it displays in a tab instead.\",\"core\":true,\"versionStr\":\"1.0.0\"},\"6\":{\"summary\":\"Field that stores one or more files\",\"core\":true,\"versionStr\":\"1.0.4\"},\"89\":{\"summary\":\"Field that stores a floating point (decimal) number\",\"core\":true,\"versionStr\":\"1.0.5\"},\"57\":{\"summary\":\"Field that stores one or more GIF, JPG, or PNG images\",\"core\":true,\"versionStr\":\"1.0.1\"},\"84\":{\"summary\":\"Field that stores an integer\",\"core\":true,\"versionStr\":\"1.0.1\"},\"27\":{\"summary\":\"Field that stores a reference to another module\",\"core\":true,\"versionStr\":\"1.0.1\"},\"4\":{\"summary\":\"Field that stores one or more references to ProcessWire pages\",\"core\":true,\"versionStr\":\"1.0.4\"},\"111\":{\"summary\":\"Field that stores a page title\",\"core\":true,\"versionStr\":\"1.0.0\"},\"133\":{\"summary\":\"Field that stores a hashed and salted password\",\"core\":true,\"versionStr\":\"1.0.1\"},\"168\":{\"summary\":\"Maintains a collection of fields that are repeated for any number of times.\",\"core\":true,\"versionStr\":\"1.0.6\"},\"169\":{\"summary\":\"Repeats fields from another template. Provides the input for FieldtypeRepeater.\",\"core\":true,\"versionStr\":\"1.0.6\"},\"3\":{\"summary\":\"Field that stores a single line of text\",\"core\":true,\"versionStr\":\"1.0.0\"},\"1\":{\"summary\":\"Field that stores multiple lines of text\",\"core\":true,\"versionStr\":\"1.0.6\"},\"135\":{\"summary\":\"Field that stores a URL\",\"core\":true,\"versionStr\":\"1.0.1\"},\"25\":{\"summary\":\"Multiple selection, progressive enhancement to select multiple\",\"core\":true,\"versionStr\":\"1.2.0\"},\"131\":{\"summary\":\"Form button element that you can optionally pass an href attribute to.\",\"core\":true,\"versionStr\":\"1.0.0\"},\"37\":{\"summary\":\"Single checkbox toggle\",\"core\":true,\"versionStr\":\"1.0.4\"},\"38\":{\"summary\":\"Multiple checkbox toggles\",\"core\":true,\"versionStr\":\"1.0.7\"},\"155\":{\"summary\":\"CKEditor textarea rich text editor.\",\"core\":true,\"versionStr\":\"1.5.7\"},\"94\":{\"summary\":\"Inputfield that accepts date and optionally time\",\"core\":true,\"versionStr\":\"1.0.6\"},\"80\":{\"summary\":\"E-Mail address in valid format\",\"core\":true,\"versionStr\":\"1.0.1\"},\"78\":{\"summary\":\"Groups one or more fields together in a container\",\"core\":true,\"versionStr\":\"1.0.1\"},\"55\":{\"summary\":\"One or more file uploads (sortable)\",\"core\":true,\"versionStr\":\"1.2.4\"},\"90\":{\"summary\":\"Floating point number with precision\",\"core\":true,\"versionStr\":\"1.0.3\"},\"30\":{\"summary\":\"Contains one or more fields in a form\",\"core\":true,\"versionStr\":\"1.0.7\"},\"40\":{\"summary\":\"Hidden value in a form\",\"core\":true,\"versionStr\":\"1.0.1\"},\"160\":{\"summary\":\"Select an icon\",\"core\":true,\"versionStr\":\"0.0.2\"},\"56\":{\"summary\":\"One or more image uploads (sortable)\",\"core\":true,\"versionStr\":\"1.1.9\"},\"85\":{\"summary\":\"Integer (positive or negative)\",\"core\":true,\"versionStr\":\"1.0.4\"},\"79\":{\"summary\":\"Contains any other markup and optionally child Inputfields\",\"core\":true,\"versionStr\":\"1.0.2\"},\"41\":{\"summary\":\"Text input validated as a ProcessWire name field\",\"core\":true,\"versionStr\":\"1.0.0\"},\"60\":{\"summary\":\"Select one or more pages\",\"core\":true,\"versionStr\":\"1.0.7\"},\"170\":{\"summary\":\"Multiple Page selection using auto completion and sorting capability. Intended for use as an input field for Page reference fields.\",\"core\":true,\"versionStr\":\"1.1.2\"},\"15\":{\"summary\":\"Selection of a single page from a ProcessWire page tree list\",\"core\":true,\"versionStr\":\"1.0.1\"},\"137\":{\"summary\":\"Selection of multiple pages from a ProcessWire page tree list\",\"core\":true,\"versionStr\":\"1.0.2\"},\"86\":{\"summary\":\"Text input validated as a ProcessWire Page name field\",\"core\":true,\"versionStr\":\"1.0.6\"},\"112\":{\"summary\":\"Handles input of Page Title and auto-generation of Page Name (when name is blank)\",\"core\":true,\"versionStr\":\"1.0.2\"},\"122\":{\"summary\":\"Password input with confirmation field that doesn\'t ever echo the input back.\",\"core\":true,\"versionStr\":\"1.0.1\"},\"39\":{\"summary\":\"Radio buttons for selection of a single item\",\"core\":true,\"versionStr\":\"1.0.5\"},\"36\":{\"summary\":\"Selection of a single value from a select pulldown\",\"core\":true,\"versionStr\":\"1.0.2\"},\"43\":{\"summary\":\"Select multiple items from a list\",\"core\":true,\"versionStr\":\"1.0.1\"},\"149\":{\"summary\":\"Build a page finding selector visually.\",\"author\":\"Avoine + ProcessWire\",\"core\":true,\"versionStr\":\"0.2.7\"},\"32\":{\"summary\":\"Form submit button\",\"core\":true,\"versionStr\":\"1.0.2\"},\"34\":{\"summary\":\"Single line of text\",\"core\":true,\"versionStr\":\"1.0.6\"},\"35\":{\"summary\":\"Multiple lines of text\",\"core\":true,\"versionStr\":\"1.0.3\"},\"108\":{\"summary\":\"URL in valid format\",\"core\":true,\"versionStr\":\"1.0.2\"},\"116\":{\"summary\":\"jQuery Core as required by ProcessWire Admin and plugins\",\"href\":\"http:\\/\\/jquery.com\",\"core\":true,\"versionStr\":\"1.8.3\"},\"151\":{\"summary\":\"Provides lightbox capability for image galleries. Replacement for FancyBox. Uses Magnific Popup by @dimsemenov.\",\"href\":\"http:\\/\\/dimsemenov.com\\/plugins\\/magnific-popup\\/\",\"core\":true,\"versionStr\":\"0.0.1\"},\"103\":{\"summary\":\"Provides a jQuery plugin for sorting tables.\",\"href\":\"http:\\/\\/mottie.github.io\\/tablesorter\\/\",\"core\":true,\"versionStr\":\"2.2.1\"},\"117\":{\"summary\":\"jQuery UI as required by ProcessWire and plugins\",\"href\":\"http:\\/\\/ui.jquery.com\",\"core\":true,\"versionStr\":\"1.9.6\"},\"45\":{\"summary\":\"Provides a jQuery plugin for generating tabs in ProcessWire.\",\"core\":true,\"versionStr\":\"1.0.8\"},\"67\":{\"summary\":\"Generates markup for data tables used by ProcessWire admin\",\"core\":true,\"versionStr\":\"1.0.7\"},\"156\":{\"summary\":\"Front-end to the HTML Purifier library.\",\"core\":true,\"versionStr\":\"4.9.2\"},\"113\":{\"summary\":\"Adds a render() method to all PageArray instances for basic unordered list generation of PageArrays.\",\"core\":true,\"versionStr\":\"1.0.0\"},\"98\":{\"summary\":\"Generates markup for pagination navigation\",\"core\":true,\"versionStr\":\"1.0.5\"},\"152\":{\"summary\":\"Keeps track of past URLs where pages have lived and automatically redirects (301 permament) to the new location whenever the past URL is accessed.\",\"core\":true,\"versionStr\":\"0.0.2\"},\"114\":{\"summary\":\"Adds various permission methods to Page objects that are used by Process modules.\",\"core\":true,\"versionStr\":\"1.0.5\"},\"115\":{\"summary\":\"Adds a render method to Page and caches page output.\",\"core\":true,\"versionStr\":\"1.0.5\"},\"48\":{\"summary\":\"Edit individual fields that hold page data\",\"core\":true,\"versionStr\":\"1.1.2\"},\"161\":{\"summary\":\"Provides password reset\\/email capability for the Login process.\",\"core\":true,\"versionStr\":\"1.0.1\"},\"87\":{\"summary\":\"Acts as a placeholder Process for the admin root. Ensures proper flow control after login.\",\"core\":true,\"versionStr\":\"1.0.1\"},\"76\":{\"summary\":\"Lists the Process assigned to each child page of the current\",\"core\":true,\"versionStr\":\"1.0.1\"},\"159\":{\"summary\":\"View and manage system logs.\",\"author\":\"Ryan Cramer\",\"core\":true,\"versionStr\":\"0.0.1\",\"permissions\":{\"logs-view\":\"Can view system logs\",\"logs-edit\":\"Can manage system logs\"},\"page\":{\"name\":\"logs\",\"parent\":\"setup\",\"title\":\"Logs\"}},\"10\":{\"summary\":\"Login to ProcessWire\",\"core\":true,\"versionStr\":\"1.0.3\"},\"50\":{\"summary\":\"List, edit or install\\/uninstall modules\",\"core\":true,\"versionStr\":\"1.1.8\"},\"17\":{\"summary\":\"Add a new page\",\"core\":true,\"versionStr\":\"1.0.8\"},\"7\":{\"summary\":\"Edit a Page\",\"core\":true,\"versionStr\":\"1.0.8\"},\"129\":{\"summary\":\"Provides image manipulation functions for image fields and rich text editors.\",\"core\":true,\"versionStr\":\"1.2.0\"},\"121\":{\"summary\":\"Provides a link capability as used by some Fieldtype modules (like rich text editors).\",\"core\":true,\"versionStr\":\"1.0.8\"},\"12\":{\"summary\":\"List pages in a hierarchal tree structure\",\"core\":true,\"versionStr\":\"1.1.9\"},\"150\":{\"summary\":\"Admin tool for finding and listing pages by any property.\",\"author\":\"Ryan Cramer\",\"core\":true,\"versionStr\":\"0.2.4\",\"permissions\":{\"page-lister\":\"Use Page Lister\"}},\"104\":{\"summary\":\"Provides a page search engine for admin use.\",\"core\":true,\"versionStr\":\"1.0.6\"},\"14\":{\"summary\":\"Handles page sorting and moving for PageList\",\"core\":true,\"versionStr\":\"1.0.0\"},\"109\":{\"summary\":\"Handles emptying of Page trash\",\"core\":true,\"versionStr\":\"1.0.2\"},\"134\":{\"summary\":\"List, Edit and Add pages of a specific type\",\"core\":true,\"versionStr\":\"1.0.1\"},\"83\":{\"summary\":\"All page views are routed through this Process\",\"core\":true,\"versionStr\":\"1.0.4\"},\"136\":{\"summary\":\"Manage system permissions\",\"core\":true,\"versionStr\":\"1.0.1\"},\"138\":{\"summary\":\"Enables user to change their password, email address and other settings that you define.\",\"core\":true,\"versionStr\":\"1.0.3\"},\"158\":{\"summary\":\"Shows a list of recently edited pages in your admin.\",\"author\":\"Ryan Cramer\",\"href\":\"http:\\/\\/modules.processwire.com\\/\",\"core\":true,\"versionStr\":\"0.0.2\",\"permissions\":{\"page-edit-recent\":\"Can see recently edited pages\"},\"page\":{\"name\":\"recent-pages\",\"parent\":\"page\",\"title\":\"Recent\"}},\"68\":{\"summary\":\"Manage user roles and what permissions are attached\",\"core\":true,\"versionStr\":\"1.0.3\"},\"47\":{\"summary\":\"List and edit the templates that control page output\",\"core\":true,\"versionStr\":\"1.1.4\"},\"66\":{\"summary\":\"Manage system users\",\"core\":true,\"versionStr\":\"1.0.7\"},\"125\":{\"summary\":\"Throttles the frequency of logins for a given account, helps to reduce dictionary attacks by introducing an exponential delay between logins.\",\"core\":true,\"versionStr\":\"1.0.2\"},\"139\":{\"summary\":\"Manages system versions and upgrades.\",\"core\":true,\"versionStr\":\"0.1.6\"},\"61\":{\"summary\":\"Entity encode ampersands, quotes (single and double) and greater-than\\/less-than signs using htmlspecialchars(str, ENT_QUOTES). It is recommended that you use this on all text\\/textarea fields except those using a rich text editor or a markup language like Markdown.\",\"core\":true,\"versionStr\":\"1.0.0\"},\"164\":{\"summary\":\"Markup module to output a Blog based on the Blog Profile by Ryan Cramer\",\"author\":\"Francis Otieno (Kongondo)\",\"href\":\"https:\\/\\/processwire.com\\/talk\\/topic\\/7403-module-blog\\/\",\"versionStr\":\"2.4.1\"},\"163\":{\"summary\":\"Blog Manager module inspired by the Blog Profile by Ryan Cramer\",\"author\":\"Francis Otieno (Kongondo)\",\"href\":\"https:\\/\\/processwire.com\\/talk\\/topic\\/7403-module-blog\\/\",\"versionStr\":\"2.4.1\"},\"165\":{\"summary\":\"Automatically set a Blog Post publish date on publish\",\"author\":\"Francis Otieno (Kongondo)\",\"href\":\"https:\\/\\/processwire.com\\/talk\\/topic\\/7403-module-blog\\/\",\"versionStr\":\"2.4.1\"},\"171\":{\"summary\":\"Create and\\/or restore database backups from ProcessWire admin.\",\"author\":\"Ryan Cramer\",\"versionStr\":\"0.0.3\",\"permissions\":{\"db-backup\":\"Manage database backups (recommended for superuser only)\"},\"page\":{\"name\":\"db-backups\",\"parent\":\"setup\",\"title\":\"DB Backups\"}},\"172\":{\"summary\":\"Just a simple contact form.\",\"href\":\"https:\\/\\/github.com\\/justonestep\\/processwire-simplecontactform\",\"versionStr\":\"1.0.5\"}}', '2010-04-08 03:10:10');
INSERT INTO `caches` (`name`, `data`, `expires`) VALUES('ModulesUninstalled.info', '{\"FieldtypeCache\":{\"name\":\"FieldtypeCache\",\"title\":\"Cache\",\"version\":102,\"versionStr\":\"1.0.2\",\"summary\":\"Caches the values of other fields for fewer runtime queries. Can also be used to combine multiple text fields and have them all be searchable under the cached field name.\",\"created\":1493973796,\"installed\":false,\"namespace\":\"ProcessWire\\\\\",\"core\":true},\"CommentFilterAkismet\":{\"name\":\"CommentFilterAkismet\",\"title\":\"Comment Filter: Akismet\",\"version\":102,\"versionStr\":\"1.0.2\",\"summary\":\"Uses the Akismet service to identify comment spam. Module plugin for the Comments Fieldtype.\",\"requiresVersions\":{\"FieldtypeComments\":[\">=\",0]},\"created\":1493973796,\"installed\":false,\"configurable\":3,\"namespace\":\"ProcessWire\\\\\",\"core\":true},\"FieldtypeOptions\":{\"name\":\"FieldtypeOptions\",\"title\":\"Select Options\",\"version\":1,\"versionStr\":\"0.0.1\",\"summary\":\"Field that stores single and multi select options.\",\"created\":1493973796,\"installed\":false,\"namespace\":\"ProcessWire\\\\\",\"core\":true},\"FieldtypePageTable\":{\"name\":\"FieldtypePageTable\",\"title\":\"ProFields: Page Table\",\"version\":8,\"versionStr\":\"0.0.8\",\"summary\":\"A fieldtype containing a group of editable pages.\",\"installs\":[\"InputfieldPageTable\"],\"autoload\":true,\"created\":1493973796,\"installed\":false,\"namespace\":\"ProcessWire\\\\\",\"core\":true},\"FieldtypeSelector\":{\"name\":\"FieldtypeSelector\",\"title\":\"Selector\",\"version\":13,\"versionStr\":\"0.1.3\",\"author\":\"Avoine + ProcessWire\",\"summary\":\"Build a page finding selector visually.\",\"created\":1493973796,\"installed\":false,\"namespace\":\"ProcessWire\\\\\",\"core\":true},\"FileCompilerTags\":{\"name\":\"FileCompilerTags\",\"title\":\"Tags File Compiler\",\"version\":1,\"versionStr\":\"0.0.1\",\"summary\":\"Enables {var} or {var.property} variables in markup sections of a file. Can be used with any API variable.\",\"created\":1493973796,\"installed\":false,\"configurable\":4,\"namespace\":\"ProcessWire\\\\\",\"core\":true},\"ImageSizerEngineIMagick\":{\"name\":\"ImageSizerEngineIMagick\",\"title\":\"IMagick Image Sizer\",\"version\":1,\"versionStr\":\"0.0.1\",\"author\":\"Horst Nogajski\",\"summary\":\"Upgrades image manipulations to use PHP\'s ImageMagick library when possible.\",\"created\":1493973796,\"installed\":false,\"configurable\":4,\"namespace\":\"ProcessWire\\\\\",\"core\":true},\"InputfieldPageTable\":{\"name\":\"InputfieldPageTable\",\"title\":\"ProFields: Page Table\",\"version\":13,\"versionStr\":\"0.1.3\",\"summary\":\"Inputfield to accompany FieldtypePageTable\",\"requiresVersions\":{\"FieldtypePageTable\":[\">=\",0]},\"created\":1493973796,\"installed\":false,\"namespace\":\"ProcessWire\\\\\",\"core\":true},\"FieldtypePageTitleLanguage\":{\"name\":\"FieldtypePageTitleLanguage\",\"title\":\"Page Title (Multi-Language)\",\"version\":100,\"versionStr\":\"1.0.0\",\"author\":\"Ryan Cramer\",\"summary\":\"Field that stores a page title in multiple languages. Use this only if you want title inputs created for ALL languages on ALL pages. Otherwise create separate languaged-named title fields, i.e. title_fr, title_es, title_fi, etc. \",\"requiresVersions\":{\"LanguageSupportFields\":[\">=\",0],\"FieldtypeTextLanguage\":[\">=\",0]},\"created\":1493973796,\"installed\":false,\"namespace\":\"ProcessWire\\\\\",\"core\":true},\"FieldtypeTextareaLanguage\":{\"name\":\"FieldtypeTextareaLanguage\",\"title\":\"Textarea (Multi-language)\",\"version\":100,\"versionStr\":\"1.0.0\",\"summary\":\"Field that stores a multiple lines of text in multiple languages\",\"requiresVersions\":{\"LanguageSupportFields\":[\">=\",0]},\"created\":1493973796,\"installed\":false,\"namespace\":\"ProcessWire\\\\\",\"core\":true},\"FieldtypeTextLanguage\":{\"name\":\"FieldtypeTextLanguage\",\"title\":\"Text (Multi-language)\",\"version\":100,\"versionStr\":\"1.0.0\",\"summary\":\"Field that stores a single line of text in multiple languages\",\"requiresVersions\":{\"LanguageSupportFields\":[\">=\",0]},\"created\":1493973796,\"installed\":false,\"namespace\":\"ProcessWire\\\\\",\"core\":true},\"LanguageSupport\":{\"name\":\"LanguageSupport\",\"title\":\"Languages Support\",\"version\":103,\"versionStr\":\"1.0.3\",\"author\":\"Ryan Cramer\",\"summary\":\"ProcessWire multi-language support.\",\"installs\":[\"ProcessLanguage\",\"ProcessLanguageTranslator\"],\"autoload\":true,\"singular\":true,\"created\":1493973796,\"installed\":false,\"configurable\":true,\"namespace\":\"ProcessWire\\\\\",\"core\":true,\"addFlag\":32},\"LanguageSupportFields\":{\"name\":\"LanguageSupportFields\",\"title\":\"Languages Support - Fields\",\"version\":100,\"versionStr\":\"1.0.0\",\"author\":\"Ryan Cramer\",\"summary\":\"Required to use multi-language fields.\",\"requiresVersions\":{\"LanguageSupport\":[\">=\",0]},\"installs\":[\"FieldtypePageTitleLanguage\",\"FieldtypeTextareaLanguage\",\"FieldtypeTextLanguage\"],\"autoload\":true,\"singular\":true,\"created\":1493973796,\"installed\":false,\"namespace\":\"ProcessWire\\\\\",\"core\":true},\"LanguageSupportPageNames\":{\"name\":\"LanguageSupportPageNames\",\"title\":\"Languages Support - Page Names\",\"version\":9,\"versionStr\":\"0.0.9\",\"author\":\"Ryan Cramer\",\"summary\":\"Required to use multi-language page names.\",\"requiresVersions\":{\"LanguageSupport\":[\">=\",0],\"LanguageSupportFields\":[\">=\",0]},\"autoload\":true,\"singular\":true,\"created\":1493973796,\"installed\":false,\"configurable\":3,\"namespace\":\"ProcessWire\\\\\",\"core\":true},\"LanguageTabs\":{\"name\":\"LanguageTabs\",\"title\":\"Languages Support - Tabs\",\"version\":114,\"versionStr\":\"1.1.4\",\"author\":\"adamspruijt, ryan\",\"summary\":\"Organizes multi-language fields into tabs for a cleaner easier to use interface.\",\"requiresVersions\":{\"LanguageSupport\":[\">=\",0]},\"autoload\":\"template=admin\",\"singular\":true,\"created\":1493973796,\"installed\":false,\"configurable\":4,\"namespace\":\"ProcessWire\\\\\",\"core\":true},\"ProcessLanguage\":{\"name\":\"ProcessLanguage\",\"title\":\"Languages\",\"version\":103,\"versionStr\":\"1.0.3\",\"author\":\"Ryan Cramer\",\"summary\":\"Manage system languages\",\"icon\":\"language\",\"requiresVersions\":{\"LanguageSupport\":[\">=\",0]},\"permission\":\"lang-edit\",\"permissions\":{\"lang-edit\":\"Administer languages and static translation files\"},\"created\":1493973796,\"installed\":false,\"configurable\":3,\"namespace\":\"ProcessWire\\\\\",\"core\":true,\"useNavJSON\":true},\"ProcessLanguageTranslator\":{\"name\":\"ProcessLanguageTranslator\",\"title\":\"Language Translator\",\"version\":101,\"versionStr\":\"1.0.1\",\"author\":\"Ryan Cramer\",\"summary\":\"Provides language translation capabilities for ProcessWire core and modules.\",\"requiresVersions\":{\"LanguageSupport\":[\">=\",0]},\"permission\":\"lang-edit\",\"created\":1493973796,\"installed\":false,\"namespace\":\"ProcessWire\\\\\",\"core\":true},\"LazyCron\":{\"name\":\"LazyCron\",\"title\":\"Lazy Cron\",\"version\":102,\"versionStr\":\"1.0.2\",\"summary\":\"Provides hooks that are automatically executed at various intervals. It is called \'lazy\' because it\'s triggered by a pageview, so the interval is guaranteed to be at least the time requested, rather than exactly the time requested. This is fine for most cases, but you can make it not lazy by connecting this to a real CRON job. See the module file for details. \",\"href\":\"http:\\/\\/processwire.com\\/talk\\/index.php\\/topic,284.0.html\",\"autoload\":true,\"singular\":true,\"created\":1493973796,\"installed\":false,\"namespace\":\"ProcessWire\\\\\",\"core\":true},\"MarkupCache\":{\"name\":\"MarkupCache\",\"title\":\"Markup Cache\",\"version\":101,\"versionStr\":\"1.0.1\",\"summary\":\"A simple way to cache segments of markup in your templates. \",\"href\":\"https:\\/\\/processwire.com\\/api\\/modules\\/markupcache\\/\",\"autoload\":true,\"singular\":true,\"created\":1493973796,\"installed\":false,\"configurable\":3,\"namespace\":\"ProcessWire\\\\\",\"core\":true},\"MarkupPageFields\":{\"name\":\"MarkupPageFields\",\"title\":\"Markup Page Fields\",\"version\":100,\"versionStr\":\"1.0.0\",\"summary\":\"Adds $page->renderFields() and $page->images->render() methods that return basic markup for output during development and debugging.\",\"autoload\":true,\"singular\":true,\"created\":1493973796,\"installed\":false,\"namespace\":\"ProcessWire\\\\\",\"core\":true,\"permanent\":true},\"MarkupRSS\":{\"name\":\"MarkupRSS\",\"title\":\"Markup RSS Feed\",\"version\":102,\"versionStr\":\"1.0.2\",\"summary\":\"Renders an RSS feed. Given a PageArray, renders an RSS feed of them.\",\"created\":1493973796,\"installed\":false,\"configurable\":3,\"namespace\":\"ProcessWire\\\\\",\"core\":true},\"PageFrontEdit\":{\"name\":\"PageFrontEdit\",\"title\":\"Front-End Page Editor\",\"version\":2,\"versionStr\":\"0.0.2\",\"author\":\"Ryan Cramer\",\"summary\":\"Enables front-end editing of page fields.\",\"icon\":\"cube\",\"permissions\":{\"page-edit-front\":\"Use the front-end page editor\"},\"autoload\":true,\"created\":1493973796,\"installed\":false,\"configurable\":\"PageFrontEditConfig.php\",\"namespace\":\"ProcessWire\\\\\",\"core\":true,\"license\":\"MPL 2.0\"},\"PagePaths\":{\"name\":\"PagePaths\",\"title\":\"Page Paths\",\"version\":1,\"versionStr\":\"0.0.1\",\"summary\":\"Enables page paths\\/urls to be queryable by selectors. Also offers potential for improved load performance. Builds an index at install (may take time on a large site). Currently supports only single languages sites.\",\"autoload\":true,\"singular\":true,\"created\":1493973796,\"installed\":false,\"namespace\":\"ProcessWire\\\\\",\"core\":true},\"ProcessCommentsManager\":{\"name\":\"ProcessCommentsManager\",\"title\":\"Comments\",\"version\":7,\"versionStr\":\"0.0.7\",\"author\":\"Ryan Cramer\",\"summary\":\"Manage comments in your site outside of the page editor.\",\"icon\":\"comments\",\"requiresVersions\":{\"FieldtypeComments\":[\">=\",0]},\"permission\":\"comments-manager\",\"permissions\":{\"comments-manager\":\"Use the comments manager\"},\"created\":1493973796,\"installed\":false,\"namespace\":\"ProcessWire\\\\\",\"core\":true,\"page\":{\"name\":\"comments\",\"parent\":\"setup\",\"title\":\"Comments\"},\"nav\":[{\"url\":\"?go=approved\",\"label\":\"Approved\"},{\"url\":\"?go=pending\",\"label\":\"Pending\"},{\"url\":\"?go=spam\",\"label\":\"Spam\"},{\"url\":\"?go=all\",\"label\":\"All\"}]},\"ProcessPageClone\":{\"name\":\"ProcessPageClone\",\"title\":\"Page Clone\",\"version\":103,\"versionStr\":\"1.0.3\",\"summary\":\"Provides ability to clone\\/copy\\/duplicate pages in the admin. Adds a \\\"copy\\\" option to all applicable pages in the PageList.\",\"permission\":\"page-clone\",\"permissions\":{\"page-clone\":\"Clone a page\",\"page-clone-tree\":\"Clone a tree of pages\"},\"autoload\":\"template=admin\",\"created\":1493973796,\"installed\":false,\"namespace\":\"ProcessWire\\\\\",\"core\":true,\"page\":{\"name\":\"clone\",\"title\":\"Clone\",\"parent\":\"page\",\"status\":1024}},\"ProcessSessionDB\":{\"name\":\"ProcessSessionDB\",\"title\":\"Sessions\",\"version\":3,\"versionStr\":\"0.0.3\",\"summary\":\"Enables you to browse active database sessions.\",\"icon\":\"dashboard\",\"requiresVersions\":{\"SessionHandlerDB\":[\">=\",0]},\"created\":1493973796,\"installed\":false,\"namespace\":\"ProcessWire\\\\\",\"core\":true},\"SessionHandlerDB\":{\"name\":\"SessionHandlerDB\",\"title\":\"Session Handler Database\",\"version\":5,\"versionStr\":\"0.0.5\",\"summary\":\"Installing this module makes ProcessWire store sessions in the database rather than the file system. Note that this module will log you out after install or uninstall.\",\"installs\":[\"ProcessSessionDB\"],\"created\":1493973796,\"installed\":false,\"configurable\":3,\"namespace\":\"ProcessWire\\\\\",\"core\":true},\"FieldtypeNotifications\":{\"name\":\"FieldtypeNotifications\",\"title\":\"Notifications\",\"version\":4,\"versionStr\":\"0.0.4\",\"summary\":\"Field that stores user notifications.\",\"requiresVersions\":{\"SystemNotifications\":[\">=\",0]},\"created\":1493973796,\"installed\":false,\"namespace\":\"ProcessWire\\\\\",\"core\":true},\"SystemNotifications\":{\"name\":\"SystemNotifications\",\"title\":\"System Notifications\",\"version\":12,\"versionStr\":\"0.1.2\",\"summary\":\"Adds support for notifications in ProcessWire (currently in development)\",\"icon\":\"bell\",\"installs\":[\"FieldtypeNotifications\"],\"autoload\":true,\"created\":1493973796,\"installed\":false,\"configurable\":\"SystemNotificationsConfig.php\",\"namespace\":\"ProcessWire\\\\\",\"core\":true},\"TextformatterMarkdownExtra\":{\"name\":\"TextformatterMarkdownExtra\",\"title\":\"Markdown\\/Parsedown Extra\",\"version\":130,\"versionStr\":\"1.3.0\",\"summary\":\"Markdown\\/Parsedown extra lightweight markup language by Emanuil Rusev. Based on Markdown by John Gruber.\",\"created\":1493973796,\"installed\":false,\"configurable\":3,\"namespace\":\"ProcessWire\\\\\",\"core\":true},\"TextformatterNewlineBR\":{\"name\":\"TextformatterNewlineBR\",\"title\":\"Newlines to XHTML Line Breaks\",\"version\":100,\"versionStr\":\"1.0.0\",\"summary\":\"Converts newlines to XHTML line break <br \\/> tags. \",\"created\":1493973796,\"installed\":false,\"namespace\":\"ProcessWire\\\\\",\"core\":true},\"TextformatterNewlineUL\":{\"name\":\"TextformatterNewlineUL\",\"title\":\"Newlines to Unordered List\",\"version\":100,\"versionStr\":\"1.0.0\",\"summary\":\"Converts newlines to <li> list items and surrounds in an <ul> unordered list. \",\"created\":1493973796,\"installed\":false,\"namespace\":\"ProcessWire\\\\\",\"core\":true},\"TextformatterPstripper\":{\"name\":\"TextformatterPstripper\",\"title\":\"Paragraph Stripper\",\"version\":100,\"versionStr\":\"1.0.0\",\"summary\":\"Strips paragraph <p> tags that may have been applied by other text formatters before it. \",\"created\":1493973796,\"installed\":false,\"namespace\":\"ProcessWire\\\\\",\"core\":true},\"TextformatterSmartypants\":{\"name\":\"TextformatterSmartypants\",\"title\":\"SmartyPants Typographer\",\"version\":171,\"versionStr\":\"1.7.1\",\"summary\":\"Smart typography for web sites, by Michel Fortin based on SmartyPants by John Gruber. If combined with Markdown, it should be applied AFTER Markdown.\",\"created\":1493973796,\"installed\":false,\"configurable\":4,\"namespace\":\"ProcessWire\\\\\",\"core\":true,\"url\":\"https:\\/\\/github.com\\/michelf\\/php-smartypants\"},\"TextformatterStripTags\":{\"name\":\"TextformatterStripTags\",\"title\":\"Strip Markup Tags\",\"version\":100,\"versionStr\":\"1.0.0\",\"summary\":\"Strips HTML\\/XHTML Markup Tags\",\"created\":1493973796,\"installed\":false,\"configurable\":3,\"namespace\":\"ProcessWire\\\\\",\"core\":true},\"Helloworld\":{\"name\":\"Helloworld\",\"title\":\"Hello World\",\"version\":3,\"versionStr\":\"0.0.3\",\"summary\":\"An example module used for demonstration purposes.\",\"href\":\"https:\\/\\/processwire.com\",\"icon\":\"smile-o\",\"autoload\":true,\"singular\":true,\"created\":1507140018,\"installed\":false}}', '2010-04-08 03:10:10');
INSERT INTO `caches` (`name`, `data`, `expires`) VALUES('Modules.site/modules/', 'Helloworld/Helloworld.module\nMarkupBlog/BlogPublishDate.module\nMarkupBlog/MarkupBlog.module\nMarkupBlog/ProcessBlog.module\nProcessDatabaseBackups/ProcessDatabaseBackups.module\nSimpleContactForm/SimpleContactForm.module', '2010-04-08 03:10:10');
INSERT INTO `caches` (`name`, `data`, `expires`) VALUES('FileCompiler__c67ac804ca7c27431ff758aad3c3a2d7', '{\"source\":{\"file\":\"\\/Applications\\/MAMP\\/htdocs\\/processwire\\/site\\/modules\\/MarkupBlog\\/BlogPublishDate.module\",\"hash\":\"fa95879e12afa70b5ba3b64bad6c1e9d\",\"size\":2997,\"time\":1507140673,\"ns\":\"\\\\\"},\"target\":{\"file\":\"\\/Applications\\/MAMP\\/htdocs\\/processwire\\/site\\/assets\\/cache\\/FileCompiler\\/site\\/modules\\/MarkupBlog\\/BlogPublishDate.module\",\"hash\":\"f7e5a0cf83833f0c48435a9bfb0fc033\",\"size\":3036,\"time\":1507140673}}', '2010-04-08 03:10:10');
INSERT INTO `caches` (`name`, `data`, `expires`) VALUES('FileCompiler__0151fae1db37cb31a99753e7190ac096', '{\"source\":{\"file\":\"\\/Applications\\/MAMP\\/htdocs\\/processwire\\/site\\/modules\\/MarkupBlog\\/BlogInstallWizard.php\",\"hash\":\"8478cbecbcac89534c50ea9c1915474a\",\"size\":53730,\"time\":1507140673,\"ns\":\"\\\\\"},\"target\":{\"file\":\"\\/Applications\\/MAMP\\/htdocs\\/processwire\\/site\\/assets\\/cache\\/FileCompiler\\/site\\/modules\\/MarkupBlog\\/BlogInstallWizard.php\",\"hash\":\"84f91dba1649cdd08c9bbbb453d2cd7e\",\"size\":54483,\"time\":1507140673}}', '2010-04-08 03:10:10');
INSERT INTO `caches` (`name`, `data`, `expires`) VALUES('FileCompiler__aed722f032c0fae73719b6ee1d3c106e', '{\"source\":{\"file\":\"\\/Applications\\/MAMP\\/htdocs\\/processwire\\/site\\/templates\\/admin.php\",\"hash\":\"9636f854995462a4cb877cb1204bc2fe\",\"size\":467,\"time\":1493973796,\"ns\":\"ProcessWire\"},\"target\":{\"file\":\"\\/Applications\\/MAMP\\/htdocs\\/processwire\\/site\\/assets\\/cache\\/FileCompiler\\/site\\/templates\\/admin.php\",\"hash\":\"9636f854995462a4cb877cb1204bc2fe\",\"size\":467,\"time\":1493973796}}', '2010-04-08 03:10:10');
INSERT INTO `caches` (`name`, `data`, `expires`) VALUES('FileCompiler__89a1a54c12ad5888a1f224923cf4a866', '{\"source\":{\"file\":\"\\/Applications\\/MAMP\\/htdocs\\/processwire\\/site\\/templates\\/_init.php\",\"hash\":\"ccf4ebe3491add19f5baf7ea155c4623\",\"size\":420,\"time\":1493973796,\"ns\":\"\\\\\"},\"target\":{\"file\":\"\\/Applications\\/MAMP\\/htdocs\\/processwire\\/site\\/assets\\/cache\\/FileCompiler\\/site\\/templates\\/_init.php\",\"hash\":\"6c45234a0667273a17eb192501c070a1\",\"size\":596,\"time\":1493973796}}', '2010-04-08 03:10:10');
INSERT INTO `caches` (`name`, `data`, `expires`) VALUES('FileCompiler__1931fb84a4e4879389e7f08e46fc470e', '{\"source\":{\"file\":\"\\/Applications\\/MAMP\\/htdocs\\/processwire\\/site\\/templates\\/home.php\",\"hash\":\"cb736f25364f1c8539da5c0b0eb89c5b\",\"size\":3556,\"time\":1507230449,\"ns\":\"\\\\\"},\"target\":{\"file\":\"\\/Applications\\/MAMP\\/htdocs\\/processwire\\/site\\/assets\\/cache\\/FileCompiler\\/site\\/templates\\/home.php\",\"hash\":\"3ed51f970435e4811c287fb2b77d6a6f\",\"size\":3906,\"time\":1507230449}}', '2010-04-08 03:10:10');
INSERT INTO `caches` (`name`, `data`, `expires`) VALUES('FileCompiler__3014e1c7a6a9d3374aebcc43e02b5321', '{\"source\":{\"file\":\"\\/Applications\\/MAMP\\/htdocs\\/processwire\\/site\\/templates\\/_func.php\",\"hash\":\"48f0b211061106bab2c2e628546dfdbe\",\"size\":2693,\"time\":1493973796,\"ns\":\"\\\\\"},\"target\":{\"file\":\"\\/Applications\\/MAMP\\/htdocs\\/processwire\\/site\\/assets\\/cache\\/FileCompiler\\/site\\/templates\\/_func.php\",\"hash\":\"ea032e317276d19927662eafe7cc09f5\",\"size\":2745,\"time\":1493973796}}', '2010-04-08 03:10:10');
INSERT INTO `caches` (`name`, `data`, `expires`) VALUES('FileCompiler__e75bb76a0b1b21353082d5a72f3db21a', '{\"source\":{\"file\":\"\\/Applications\\/MAMP\\/htdocs\\/processwire\\/site\\/templates\\/_head.php\",\"hash\":\"890adddc41d95c2cfeae74fa6e44b68b\",\"size\":4716,\"time\":1507233342,\"ns\":\"\\\\\"},\"target\":{\"file\":\"\\/Applications\\/MAMP\\/htdocs\\/processwire\\/site\\/assets\\/cache\\/FileCompiler\\/site\\/templates\\/_head.php\",\"hash\":\"890adddc41d95c2cfeae74fa6e44b68b\",\"size\":4716,\"time\":1507233342}}', '2010-04-08 03:10:10');
INSERT INTO `caches` (`name`, `data`, `expires`) VALUES('FileCompiler__933fedf4b410aeb89f93ec01d94a2a72', '{\"source\":{\"file\":\"\\/Applications\\/MAMP\\/htdocs\\/processwire\\/site\\/templates\\/_foot.php\",\"hash\":\"d9bb5f4ddd54beaa4db37a8397c76622\",\"size\":4692,\"time\":1507234021,\"ns\":\"\\\\\"},\"target\":{\"file\":\"\\/Applications\\/MAMP\\/htdocs\\/processwire\\/site\\/assets\\/cache\\/FileCompiler\\/site\\/templates\\/_foot.php\",\"hash\":\"d9bb5f4ddd54beaa4db37a8397c76622\",\"size\":4692,\"time\":1507234021}}', '2010-04-08 03:10:10');
INSERT INTO `caches` (`name`, `data`, `expires`) VALUES('FileCompiler__370e6f14da214e2592742bf8a40fc538', '{\"source\":{\"file\":\"\\/Applications\\/MAMP\\/htdocs\\/processwire\\/site\\/templates\\/basic-page.php\",\"hash\":\"6c6da0b1879c615449baa8f56acf2245\",\"size\":326,\"time\":1507231573,\"ns\":\"\\\\\"},\"target\":{\"file\":\"\\/Applications\\/MAMP\\/htdocs\\/processwire\\/site\\/assets\\/cache\\/FileCompiler\\/site\\/templates\\/basic-page.php\",\"hash\":\"76168942a12dc4e3555ab95c8e7ff8fb\",\"size\":677,\"time\":1507231573}}', '2010-04-08 03:10:10');
INSERT INTO `caches` (`name`, `data`, `expires`) VALUES('FileCompiler__07de2873f52555a539dea17833a9a045', '{\"source\":{\"file\":\"\\/Applications\\/MAMP\\/htdocs\\/processwire\\/site\\/templates\\/sitemap.php\",\"hash\":\"890c0a6b10dec9265937a1ba15e60f18\",\"size\":229,\"time\":1493973796,\"ns\":\"\\\\\"},\"target\":{\"file\":\"\\/Applications\\/MAMP\\/htdocs\\/processwire\\/site\\/assets\\/cache\\/FileCompiler\\/site\\/templates\\/sitemap.php\",\"hash\":\"1a6957f47531574d7597bb912eb6779e\",\"size\":580,\"time\":1493973796}}', '2010-04-08 03:10:10');
INSERT INTO `caches` (`name`, `data`, `expires`) VALUES('FileCompiler__eb02bcf56f5f9e45f294ffdd95131444', '{\"source\":{\"file\":\"\\/Applications\\/MAMP\\/htdocs\\/processwire\\/site\\/templates\\/blog-post.php\",\"hash\":\"feee1ddcf8f42451236cc7d16b83d606\",\"size\":669,\"time\":1507229865,\"ns\":\"\\\\\"},\"target\":{\"file\":\"\\/Applications\\/MAMP\\/htdocs\\/processwire\\/site\\/assets\\/cache\\/FileCompiler\\/site\\/templates\\/blog-post.php\",\"hash\":\"cc589c0fd08a9518229367bba378fce9\",\"size\":1019,\"time\":1507229865}}', '2010-04-08 03:10:10');
INSERT INTO `caches` (`name`, `data`, `expires`) VALUES('FileCompiler__dfbf06151500c9499dc576b065989480', '{\"source\":{\"file\":\"\\/Applications\\/MAMP\\/htdocs\\/processwire\\/site\\/templates\\/blog.php\",\"hash\":\"1a9b14ee1819e750ee5da994e12935a4\",\"size\":2370,\"time\":1507229495,\"ns\":\"\\\\\"},\"target\":{\"file\":\"\\/Applications\\/MAMP\\/htdocs\\/processwire\\/site\\/assets\\/cache\\/FileCompiler\\/site\\/templates\\/blog.php\",\"hash\":\"11739d34be0336e8db14b3e4f6a45018\",\"size\":2721,\"time\":1507229495}}', '2010-04-08 03:10:10');
INSERT INTO `caches` (`name`, `data`, `expires`) VALUES('FileCompiler__1926fd72a38daaf5026684f8601278d5', '{\"source\":{\"file\":\"\\/Applications\\/MAMP\\/htdocs\\/processwire\\/site\\/templates\\/blog-main.inc\",\"hash\":\"e1276d9aa6975755fc25da333374dc47\",\"size\":4157,\"time\":1507227497,\"ns\":\"\\\\\"},\"target\":{\"file\":\"\\/Applications\\/MAMP\\/htdocs\\/processwire\\/site\\/assets\\/cache\\/FileCompiler\\/site\\/templates\\/blog-main.inc\",\"hash\":\"4db694a775ace2f44a596351a8aa2c17\",\"size\":4347,\"time\":1507227497}}', '2010-04-08 03:10:10');
INSERT INTO `caches` (`name`, `data`, `expires`) VALUES('FileCompiler__5ba91e7d879c3cae810fcd344dc3ac0f', '{\"source\":{\"file\":\"\\/Applications\\/MAMP\\/htdocs\\/processwire\\/site\\/templates\\/blog-side-bar.inc\",\"hash\":\"2a28333eb93c5e341243276f5acdda74\",\"size\":5616,\"time\":1507141105,\"ns\":\"\\\\\"},\"target\":{\"file\":\"\\/Applications\\/MAMP\\/htdocs\\/processwire\\/site\\/assets\\/cache\\/FileCompiler\\/site\\/templates\\/blog-side-bar.inc\",\"hash\":\"b37d87fa5489a84c1cac8886876ef45d\",\"size\":5707,\"time\":1507141105}}', '2010-04-08 03:10:10');
INSERT INTO `caches` (`name`, `data`, `expires`) VALUES('FileCompiler__50672f3ee828a1e80743fe485570abfe', '{\"source\":{\"file\":\"\\/Applications\\/MAMP\\/htdocs\\/processwire\\/site\\/templates\\/about-page.php\",\"hash\":\"5b3410b03469a6faa27cdfc6cac52586\",\"size\":1634,\"time\":1507229806,\"ns\":\"\\\\\"},\"target\":{\"file\":\"\\/Applications\\/MAMP\\/htdocs\\/processwire\\/site\\/assets\\/cache\\/FileCompiler\\/site\\/templates\\/about-page.php\",\"hash\":\"d7c1093ada1dfaf76c89bd539c32c73d\",\"size\":2159,\"time\":1507229806}}', '2010-04-08 03:10:10');
INSERT INTO `caches` (`name`, `data`, `expires`) VALUES('Modules.info', '{\"148\":{\"name\":\"AdminThemeDefault\",\"title\":\"Default\",\"version\":14,\"autoload\":\"template=admin\",\"created\":1507140018,\"configurable\":19,\"namespace\":\"ProcessWire\\\\\"},\"162\":{\"name\":\"AdminThemeReno\",\"title\":\"Reno\",\"version\":17,\"requiresVersions\":{\"AdminThemeDefault\":[\">=\",0]},\"autoload\":\"template=admin\",\"created\":1507140386,\"configurable\":3,\"namespace\":\"ProcessWire\\\\\"},\"97\":{\"name\":\"FieldtypeCheckbox\",\"title\":\"Checkbox\",\"version\":101,\"singular\":1,\"created\":1507140018,\"namespace\":\"ProcessWire\\\\\",\"permanent\":true},\"166\":{\"name\":\"FieldtypeComments\",\"title\":\"Comments\",\"version\":107,\"installs\":[\"InputfieldCommentsAdmin\"],\"singular\":true,\"created\":1507141090,\"namespace\":\"ProcessWire\\\\\"},\"167\":{\"name\":\"InputfieldCommentsAdmin\",\"title\":\"Comments Admin\",\"version\":104,\"requiresVersions\":{\"FieldtypeComments\":[\">=\",0]},\"created\":1507141090,\"namespace\":\"ProcessWire\\\\\"},\"28\":{\"name\":\"FieldtypeDatetime\",\"title\":\"Datetime\",\"version\":104,\"created\":1507140018,\"namespace\":\"ProcessWire\\\\\"},\"29\":{\"name\":\"FieldtypeEmail\",\"title\":\"E-Mail\",\"version\":100,\"created\":1507140018,\"namespace\":\"ProcessWire\\\\\"},\"106\":{\"name\":\"FieldtypeFieldsetClose\",\"title\":\"Fieldset (Close)\",\"version\":100,\"singular\":1,\"created\":1507140018,\"namespace\":\"ProcessWire\\\\\",\"permanent\":true},\"105\":{\"name\":\"FieldtypeFieldsetOpen\",\"title\":\"Fieldset (Open)\",\"version\":100,\"singular\":1,\"created\":1507140018,\"namespace\":\"ProcessWire\\\\\",\"permanent\":true},\"107\":{\"name\":\"FieldtypeFieldsetTabOpen\",\"title\":\"Fieldset in Tab (Open)\",\"version\":100,\"singular\":1,\"created\":1507140018,\"namespace\":\"ProcessWire\\\\\",\"permanent\":true},\"6\":{\"name\":\"FieldtypeFile\",\"title\":\"Files\",\"version\":104,\"created\":1507140018,\"namespace\":\"ProcessWire\\\\\",\"permanent\":true},\"89\":{\"name\":\"FieldtypeFloat\",\"title\":\"Float\",\"version\":105,\"singular\":1,\"created\":1507140018,\"namespace\":\"ProcessWire\\\\\",\"permanent\":true},\"57\":{\"name\":\"FieldtypeImage\",\"title\":\"Images\",\"version\":101,\"created\":1507140018,\"namespace\":\"ProcessWire\\\\\",\"permanent\":true},\"84\":{\"name\":\"FieldtypeInteger\",\"title\":\"Integer\",\"version\":101,\"created\":1507140018,\"namespace\":\"ProcessWire\\\\\",\"permanent\":true},\"27\":{\"name\":\"FieldtypeModule\",\"title\":\"Module Reference\",\"version\":101,\"created\":1507140018,\"namespace\":\"ProcessWire\\\\\",\"permanent\":true},\"4\":{\"name\":\"FieldtypePage\",\"title\":\"Page Reference\",\"version\":104,\"created\":1507140018,\"configurable\":3,\"namespace\":\"ProcessWire\\\\\",\"permanent\":true},\"111\":{\"name\":\"FieldtypePageTitle\",\"title\":\"Page Title\",\"version\":100,\"singular\":true,\"created\":1507140018,\"namespace\":\"ProcessWire\\\\\",\"permanent\":true},\"133\":{\"name\":\"FieldtypePassword\",\"title\":\"Password\",\"version\":101,\"singular\":true,\"created\":1507140018,\"namespace\":\"ProcessWire\\\\\",\"permanent\":true},\"168\":{\"name\":\"FieldtypeRepeater\",\"title\":\"Repeater\",\"version\":106,\"installs\":[\"InputfieldRepeater\"],\"autoload\":true,\"singular\":true,\"created\":1507141102,\"configurable\":3,\"namespace\":\"ProcessWire\\\\\"},\"169\":{\"name\":\"InputfieldRepeater\",\"title\":\"Repeater\",\"version\":106,\"requiresVersions\":{\"FieldtypeRepeater\":[\">=\",0]},\"created\":1507141102,\"namespace\":\"ProcessWire\\\\\"},\"3\":{\"name\":\"FieldtypeText\",\"title\":\"Text\",\"version\":100,\"created\":1507140018,\"namespace\":\"ProcessWire\\\\\",\"permanent\":true},\"1\":{\"name\":\"FieldtypeTextarea\",\"title\":\"Textarea\",\"version\":106,\"created\":1507140018,\"namespace\":\"ProcessWire\\\\\",\"permanent\":true},\"135\":{\"name\":\"FieldtypeURL\",\"title\":\"URL\",\"version\":101,\"singular\":true,\"created\":1507140018,\"namespace\":\"ProcessWire\\\\\",\"permanent\":true},\"25\":{\"name\":\"InputfieldAsmSelect\",\"title\":\"asmSelect\",\"version\":120,\"created\":1507140018,\"namespace\":\"ProcessWire\\\\\",\"permanent\":true},\"131\":{\"name\":\"InputfieldButton\",\"title\":\"Button\",\"version\":100,\"created\":1507140018,\"namespace\":\"ProcessWire\\\\\",\"permanent\":true},\"37\":{\"name\":\"InputfieldCheckbox\",\"title\":\"Checkbox\",\"version\":104,\"created\":1507140018,\"namespace\":\"ProcessWire\\\\\",\"permanent\":true},\"38\":{\"name\":\"InputfieldCheckboxes\",\"title\":\"Checkboxes\",\"version\":107,\"created\":1507140018,\"namespace\":\"ProcessWire\\\\\",\"permanent\":true},\"155\":{\"name\":\"InputfieldCKEditor\",\"title\":\"CKEditor\",\"version\":157,\"installs\":[\"MarkupHTMLPurifier\"],\"created\":1507140018,\"namespace\":\"ProcessWire\\\\\"},\"94\":{\"name\":\"InputfieldDatetime\",\"title\":\"Datetime\",\"version\":106,\"created\":1507140018,\"namespace\":\"ProcessWire\\\\\",\"permanent\":true},\"80\":{\"name\":\"InputfieldEmail\",\"title\":\"Email\",\"version\":101,\"created\":1507140018,\"namespace\":\"ProcessWire\\\\\"},\"78\":{\"name\":\"InputfieldFieldset\",\"title\":\"Fieldset\",\"version\":101,\"created\":1507140018,\"namespace\":\"ProcessWire\\\\\",\"permanent\":true},\"55\":{\"name\":\"InputfieldFile\",\"title\":\"Files\",\"version\":124,\"created\":1507140018,\"namespace\":\"ProcessWire\\\\\",\"permanent\":true},\"90\":{\"name\":\"InputfieldFloat\",\"title\":\"Float\",\"version\":103,\"created\":1507140018,\"namespace\":\"ProcessWire\\\\\",\"permanent\":true},\"30\":{\"name\":\"InputfieldForm\",\"title\":\"Form\",\"version\":107,\"created\":1507140018,\"namespace\":\"ProcessWire\\\\\",\"permanent\":true},\"40\":{\"name\":\"InputfieldHidden\",\"title\":\"Hidden\",\"version\":101,\"created\":1507140018,\"namespace\":\"ProcessWire\\\\\",\"permanent\":true},\"160\":{\"name\":\"InputfieldIcon\",\"title\":\"Icon\",\"version\":2,\"created\":1507140048,\"namespace\":\"ProcessWire\\\\\"},\"56\":{\"name\":\"InputfieldImage\",\"title\":\"Images\",\"version\":119,\"created\":1507140018,\"namespace\":\"ProcessWire\\\\\",\"permanent\":true},\"85\":{\"name\":\"InputfieldInteger\",\"title\":\"Integer\",\"version\":104,\"created\":1507140018,\"namespace\":\"ProcessWire\\\\\",\"permanent\":true},\"79\":{\"name\":\"InputfieldMarkup\",\"title\":\"Markup\",\"version\":102,\"created\":1507140018,\"namespace\":\"ProcessWire\\\\\",\"permanent\":true},\"41\":{\"name\":\"InputfieldName\",\"title\":\"Name\",\"version\":100,\"created\":1507140018,\"namespace\":\"ProcessWire\\\\\",\"permanent\":true},\"60\":{\"name\":\"InputfieldPage\",\"title\":\"Page\",\"version\":107,\"created\":1507140018,\"configurable\":3,\"namespace\":\"ProcessWire\\\\\",\"permanent\":true},\"170\":{\"name\":\"InputfieldPageAutocomplete\",\"title\":\"Page Auto Complete\",\"version\":112,\"created\":1507146100,\"namespace\":\"ProcessWire\\\\\"},\"15\":{\"name\":\"InputfieldPageListSelect\",\"title\":\"Page List Select\",\"version\":101,\"created\":1507140018,\"namespace\":\"ProcessWire\\\\\",\"permanent\":true},\"137\":{\"name\":\"InputfieldPageListSelectMultiple\",\"title\":\"Page List Select Multiple\",\"version\":102,\"created\":1507140018,\"namespace\":\"ProcessWire\\\\\",\"permanent\":true},\"86\":{\"name\":\"InputfieldPageName\",\"title\":\"Page Name\",\"version\":106,\"created\":1507140018,\"configurable\":3,\"namespace\":\"ProcessWire\\\\\",\"permanent\":true},\"112\":{\"name\":\"InputfieldPageTitle\",\"title\":\"Page Title\",\"version\":102,\"created\":1507140018,\"namespace\":\"ProcessWire\\\\\",\"permanent\":true},\"122\":{\"name\":\"InputfieldPassword\",\"title\":\"Password\",\"version\":101,\"created\":1507140018,\"namespace\":\"ProcessWire\\\\\",\"permanent\":true},\"39\":{\"name\":\"InputfieldRadios\",\"title\":\"Radio Buttons\",\"version\":105,\"created\":1507140018,\"namespace\":\"ProcessWire\\\\\",\"permanent\":true},\"36\":{\"name\":\"InputfieldSelect\",\"title\":\"Select\",\"version\":102,\"created\":1507140018,\"namespace\":\"ProcessWire\\\\\",\"permanent\":true},\"43\":{\"name\":\"InputfieldSelectMultiple\",\"title\":\"Select Multiple\",\"version\":101,\"created\":1507140018,\"namespace\":\"ProcessWire\\\\\",\"permanent\":true},\"149\":{\"name\":\"InputfieldSelector\",\"title\":\"Selector\",\"version\":27,\"autoload\":\"template=admin\",\"created\":1507140018,\"configurable\":3,\"namespace\":\"ProcessWire\\\\\",\"addFlag\":32},\"32\":{\"name\":\"InputfieldSubmit\",\"title\":\"Submit\",\"version\":102,\"created\":1507140018,\"namespace\":\"ProcessWire\\\\\",\"permanent\":true},\"34\":{\"name\":\"InputfieldText\",\"title\":\"Text\",\"version\":106,\"created\":1507140018,\"namespace\":\"ProcessWire\\\\\",\"permanent\":true},\"35\":{\"name\":\"InputfieldTextarea\",\"title\":\"Textarea\",\"version\":103,\"created\":1507140018,\"namespace\":\"ProcessWire\\\\\",\"permanent\":true},\"108\":{\"name\":\"InputfieldURL\",\"title\":\"URL\",\"version\":102,\"created\":1507140018,\"namespace\":\"ProcessWire\\\\\"},\"116\":{\"name\":\"JqueryCore\",\"title\":\"jQuery Core\",\"version\":183,\"singular\":true,\"created\":1507140018,\"namespace\":\"ProcessWire\\\\\",\"permanent\":true},\"151\":{\"name\":\"JqueryMagnific\",\"title\":\"jQuery Magnific Popup\",\"version\":1,\"singular\":1,\"created\":1507140018,\"namespace\":\"ProcessWire\\\\\"},\"103\":{\"name\":\"JqueryTableSorter\",\"title\":\"jQuery Table Sorter Plugin\",\"version\":221,\"singular\":1,\"created\":1507140018,\"namespace\":\"ProcessWire\\\\\"},\"117\":{\"name\":\"JqueryUI\",\"title\":\"jQuery UI\",\"version\":196,\"singular\":true,\"created\":1507140018,\"namespace\":\"ProcessWire\\\\\",\"permanent\":true},\"45\":{\"name\":\"JqueryWireTabs\",\"title\":\"jQuery Wire Tabs Plugin\",\"version\":108,\"created\":1507140018,\"configurable\":3,\"namespace\":\"ProcessWire\\\\\",\"permanent\":true},\"67\":{\"name\":\"MarkupAdminDataTable\",\"title\":\"Admin Data Table\",\"version\":107,\"created\":1507140018,\"namespace\":\"ProcessWire\\\\\",\"permanent\":true},\"156\":{\"name\":\"MarkupHTMLPurifier\",\"title\":\"HTML Purifier\",\"version\":492,\"created\":1507140018,\"namespace\":\"ProcessWire\\\\\"},\"113\":{\"name\":\"MarkupPageArray\",\"title\":\"PageArray Markup\",\"version\":100,\"autoload\":true,\"singular\":true,\"created\":1507140018,\"namespace\":\"ProcessWire\\\\\"},\"98\":{\"name\":\"MarkupPagerNav\",\"title\":\"Pager (Pagination) Navigation\",\"version\":105,\"created\":1507140018,\"namespace\":\"ProcessWire\\\\\"},\"152\":{\"name\":\"PagePathHistory\",\"title\":\"Page Path History\",\"version\":2,\"autoload\":true,\"singular\":true,\"created\":1507140018,\"namespace\":\"ProcessWire\\\\\"},\"114\":{\"name\":\"PagePermissions\",\"title\":\"Page Permissions\",\"version\":105,\"autoload\":true,\"singular\":true,\"created\":1507140018,\"namespace\":\"ProcessWire\\\\\",\"permanent\":true},\"115\":{\"name\":\"PageRender\",\"title\":\"Page Render\",\"version\":105,\"autoload\":true,\"singular\":true,\"created\":1507140018,\"configurable\":3,\"namespace\":\"ProcessWire\\\\\",\"permanent\":true},\"48\":{\"name\":\"ProcessField\",\"title\":\"Fields\",\"version\":112,\"icon\":\"cube\",\"permission\":\"field-admin\",\"created\":1507140018,\"configurable\":3,\"namespace\":\"ProcessWire\\\\\",\"permanent\":true,\"useNavJSON\":true,\"addFlag\":32},\"161\":{\"name\":\"ProcessForgotPassword\",\"title\":\"Forgot Password\",\"version\":101,\"permission\":\"page-view\",\"singular\":1,\"created\":1507140107,\"configurable\":3,\"namespace\":\"ProcessWire\\\\\"},\"87\":{\"name\":\"ProcessHome\",\"title\":\"Admin Home\",\"version\":101,\"permission\":\"page-view\",\"created\":1507140018,\"namespace\":\"ProcessWire\\\\\",\"permanent\":true},\"76\":{\"name\":\"ProcessList\",\"title\":\"List\",\"version\":101,\"permission\":\"page-view\",\"created\":1507140018,\"namespace\":\"ProcessWire\\\\\",\"permanent\":true},\"159\":{\"name\":\"ProcessLogger\",\"title\":\"Logs\",\"version\":1,\"icon\":\"tree\",\"permission\":\"logs-view\",\"singular\":1,\"created\":1507140048,\"namespace\":\"ProcessWire\\\\\",\"useNavJSON\":true},\"10\":{\"name\":\"ProcessLogin\",\"title\":\"Login\",\"version\":103,\"permission\":\"page-view\",\"created\":1507140018,\"namespace\":\"ProcessWire\\\\\",\"permanent\":true},\"50\":{\"name\":\"ProcessModule\",\"title\":\"Modules\",\"version\":118,\"permission\":\"module-admin\",\"created\":1507140018,\"namespace\":\"ProcessWire\\\\\",\"permanent\":true,\"useNavJSON\":true,\"nav\":[{\"url\":\"?site#tab_site_modules\",\"label\":\"Site\",\"icon\":\"plug\",\"navJSON\":\"navJSON\\/?site=1\"},{\"url\":\"?core#tab_core_modules\",\"label\":\"Core\",\"icon\":\"plug\",\"navJSON\":\"navJSON\\/?core=1\"},{\"url\":\"?configurable#tab_configurable_modules\",\"label\":\"Configure\",\"icon\":\"gear\",\"navJSON\":\"navJSON\\/?configurable=1\"},{\"url\":\"?install#tab_install_modules\",\"label\":\"Install\",\"icon\":\"sign-in\",\"navJSON\":\"navJSON\\/?install=1\"},{\"url\":\"?reset=1\",\"label\":\"Refresh\",\"icon\":\"refresh\"}]},\"17\":{\"name\":\"ProcessPageAdd\",\"title\":\"Page Add\",\"version\":108,\"icon\":\"plus-circle\",\"permission\":\"page-edit\",\"created\":1507140018,\"configurable\":3,\"namespace\":\"ProcessWire\\\\\",\"permanent\":true,\"useNavJSON\":true},\"7\":{\"name\":\"ProcessPageEdit\",\"title\":\"Page Edit\",\"version\":108,\"icon\":\"edit\",\"permission\":\"page-edit\",\"singular\":1,\"created\":1507140018,\"configurable\":3,\"namespace\":\"ProcessWire\\\\\",\"permanent\":true,\"useNavJSON\":true},\"129\":{\"name\":\"ProcessPageEditImageSelect\",\"title\":\"Page Edit Image\",\"version\":120,\"permission\":\"page-edit\",\"singular\":1,\"created\":1507140018,\"configurable\":3,\"namespace\":\"ProcessWire\\\\\",\"permanent\":true},\"121\":{\"name\":\"ProcessPageEditLink\",\"title\":\"Page Edit Link\",\"version\":108,\"icon\":\"link\",\"permission\":\"page-edit\",\"singular\":1,\"created\":1507140018,\"configurable\":3,\"namespace\":\"ProcessWire\\\\\",\"permanent\":true},\"12\":{\"name\":\"ProcessPageList\",\"title\":\"Page List\",\"version\":119,\"icon\":\"sitemap\",\"permission\":\"page-edit\",\"created\":1507140018,\"configurable\":3,\"namespace\":\"ProcessWire\\\\\",\"permanent\":true,\"useNavJSON\":true},\"150\":{\"name\":\"ProcessPageLister\",\"title\":\"Lister\",\"version\":24,\"icon\":\"search\",\"permission\":\"page-lister\",\"created\":1507140018,\"configurable\":true,\"namespace\":\"ProcessWire\\\\\",\"permanent\":true,\"useNavJSON\":true,\"addFlag\":32},\"104\":{\"name\":\"ProcessPageSearch\",\"title\":\"Page Search\",\"version\":106,\"permission\":\"page-edit\",\"singular\":1,\"created\":1507140018,\"configurable\":3,\"namespace\":\"ProcessWire\\\\\",\"permanent\":true},\"14\":{\"name\":\"ProcessPageSort\",\"title\":\"Page Sort and Move\",\"version\":100,\"permission\":\"page-edit\",\"created\":1507140018,\"namespace\":\"ProcessWire\\\\\",\"permanent\":true},\"109\":{\"name\":\"ProcessPageTrash\",\"title\":\"Page Trash\",\"version\":102,\"singular\":1,\"created\":1507140018,\"namespace\":\"ProcessWire\\\\\",\"permanent\":true},\"134\":{\"name\":\"ProcessPageType\",\"title\":\"Page Type\",\"version\":101,\"singular\":1,\"created\":1507140018,\"configurable\":3,\"namespace\":\"ProcessWire\\\\\",\"permanent\":true,\"useNavJSON\":true,\"addFlag\":32},\"83\":{\"name\":\"ProcessPageView\",\"title\":\"Page View\",\"version\":104,\"permission\":\"page-view\",\"created\":1507140018,\"namespace\":\"ProcessWire\\\\\",\"permanent\":true},\"136\":{\"name\":\"ProcessPermission\",\"title\":\"Permissions\",\"version\":101,\"icon\":\"gear\",\"permission\":\"permission-admin\",\"singular\":1,\"created\":1507140018,\"configurable\":3,\"namespace\":\"ProcessWire\\\\\",\"permanent\":true,\"useNavJSON\":true},\"138\":{\"name\":\"ProcessProfile\",\"title\":\"User Profile\",\"version\":103,\"permission\":\"profile-edit\",\"singular\":1,\"created\":1507140018,\"configurable\":3,\"namespace\":\"ProcessWire\\\\\",\"permanent\":true},\"158\":{\"name\":\"ProcessRecentPages\",\"title\":\"Recent Pages\",\"version\":2,\"icon\":\"clock-o\",\"permission\":\"page-edit-recent\",\"singular\":1,\"created\":1507140033,\"namespace\":\"ProcessWire\\\\\",\"useNavJSON\":true,\"nav\":[{\"url\":\"?edited=1\",\"label\":\"Edited\",\"icon\":\"users\",\"navJSON\":\"navJSON\\/?edited=1\"},{\"url\":\"?added=1\",\"label\":\"Created\",\"icon\":\"users\",\"navJSON\":\"navJSON\\/?added=1&me=1\"},{\"url\":\"?edited=1&me=1\",\"label\":\"Edited by me\",\"icon\":\"user\",\"navJSON\":\"navJSON\\/?edited=1&me=1\"},{\"url\":\"?added=1&me=1\",\"label\":\"Created by me\",\"icon\":\"user\",\"navJSON\":\"navJSON\\/?added=1&me=1\"},{\"url\":\"another\\/\",\"label\":\"Add another\",\"icon\":\"plus-circle\",\"navJSON\":\"anotherNavJSON\\/\"}]},\"68\":{\"name\":\"ProcessRole\",\"title\":\"Roles\",\"version\":103,\"icon\":\"gears\",\"permission\":\"role-admin\",\"created\":1507140018,\"configurable\":3,\"namespace\":\"ProcessWire\\\\\",\"permanent\":true,\"useNavJSON\":true},\"47\":{\"name\":\"ProcessTemplate\",\"title\":\"Templates\",\"version\":114,\"icon\":\"cubes\",\"permission\":\"template-admin\",\"created\":1507140018,\"namespace\":\"ProcessWire\\\\\",\"permanent\":true,\"useNavJSON\":true},\"66\":{\"name\":\"ProcessUser\",\"title\":\"Users\",\"version\":107,\"icon\":\"group\",\"permission\":\"user-admin\",\"created\":1507140018,\"configurable\":\"ProcessUserConfig.php\",\"namespace\":\"ProcessWire\\\\\",\"permanent\":true,\"useNavJSON\":true},\"125\":{\"name\":\"SessionLoginThrottle\",\"title\":\"Session Login Throttle\",\"version\":102,\"autoload\":\"function\",\"singular\":true,\"created\":1507140018,\"configurable\":3,\"namespace\":\"ProcessWire\\\\\"},\"139\":{\"name\":\"SystemUpdater\",\"title\":\"System Updater\",\"version\":16,\"singular\":true,\"created\":1507140018,\"configurable\":3,\"namespace\":\"ProcessWire\\\\\",\"permanent\":true},\"61\":{\"name\":\"TextformatterEntities\",\"title\":\"HTML Entity Encoder (htmlspecialchars)\",\"version\":100,\"created\":1507140018,\"namespace\":\"ProcessWire\\\\\"},\"164\":{\"name\":\"MarkupBlog\",\"title\":\"Markup Blog\",\"version\":241,\"requiresVersions\":{\"ProcessBlog\":[\">=\",0]},\"singular\":true,\"created\":1507140760,\"namespace\":\"\\\\\"},\"163\":{\"name\":\"ProcessBlog\",\"title\":\"Blog\",\"version\":241,\"installs\":[\"MarkupBlog\",\"BlogPublishDate\"],\"permission\":\"blog\",\"singular\":true,\"created\":1507140760,\"configurable\":true,\"namespace\":\"\\\\\"},\"165\":{\"name\":\"BlogPublishDate\",\"title\":\"Blog Post Publish Date\",\"version\":241,\"requiresVersions\":{\"ProcessBlog\":[\">=\",0]},\"autoload\":true,\"singular\":true,\"created\":1507140760,\"namespace\":\"\\\\\"},\"171\":{\"name\":\"ProcessDatabaseBackups\",\"title\":\"Database Backups\",\"version\":3,\"icon\":\"database\",\"requiresVersions\":{\"ProcessWire\":[\">=\",\"2.4.15\"]},\"permission\":\"db-backup\",\"singular\":1,\"created\":1507230923,\"namespace\":\"\\\\\",\"nav\":[{\"url\":\"backup\\/\",\"label\":\"New Backup\",\"icon\":\"plus-circle\"},{\"url\":\"upload\\/\",\"label\":\"Upload\",\"icon\":\"upload\"}]},\"172\":{\"name\":\"SimpleContactForm\",\"title\":\"Simple Contact Form\",\"version\":105,\"icon\":\"envelope\",\"autoload\":true,\"singular\":true,\"configurable\":\"SimpleContactFormConfig.php\"}}', '2010-04-08 03:10:10');
INSERT INTO `caches` (`name`, `data`, `expires`) VALUES('FileCompiler__14062780e358866963ce9e316a74a6b3', '{\"source\":{\"file\":\"\\/Applications\\/MAMP\\/htdocs\\/processwire\\/site\\/templates\\/contact-page.php\",\"hash\":\"f85fbc222a040e9e7a335325919e973d\",\"size\":401,\"time\":1507232194,\"ns\":\"\\\\\"},\"target\":{\"file\":\"\\/Applications\\/MAMP\\/htdocs\\/processwire\\/site\\/assets\\/cache\\/FileCompiler\\/site\\/templates\\/contact-page.php\",\"hash\":\"a71a309b2acfb26078ca431e299b7e9b\",\"size\":752,\"time\":1507232194}}', '2010-04-08 03:10:10');
INSERT INTO `caches` (`name`, `data`, `expires`) VALUES('FileCompiler__4762132eae175b2b7aa2f5147266bf5f', '{\"source\":{\"file\":\"\\/customers\\/0\\/6\\/b\\/neeltjechanterie.be\\/httpd.www\\/processwire\\/site\\/modules\\/MarkupBlog\\/BlogPublishDate.module\",\"hash\":\"fa95879e12afa70b5ba3b64bad6c1e9d\",\"size\":2997,\"time\":1507241050,\"ns\":\"\\\\\"},\"target\":{\"file\":\"\\/customers\\/0\\/6\\/b\\/neeltjechanterie.be\\/httpd.www\\/processwire\\/site\\/assets\\/cache\\/FileCompiler\\/site\\/modules\\/MarkupBlog\\/BlogPublishDate.module\",\"hash\":\"f7e5a0cf83833f0c48435a9bfb0fc033\",\"size\":3036,\"time\":1507241050}}', '2010-04-08 03:10:10');
INSERT INTO `caches` (`name`, `data`, `expires`) VALUES('FileCompiler__c31266f121eda25086fe337daeb1dfe7', '{\"source\":{\"file\":\"\\/customers\\/0\\/6\\/b\\/neeltjechanterie.be\\/httpd.www\\/processwire\\/site\\/templates\\/admin.php\",\"hash\":\"9636f854995462a4cb877cb1204bc2fe\",\"size\":467,\"time\":1507241071,\"ns\":\"ProcessWire\"},\"target\":{\"file\":\"\\/customers\\/0\\/6\\/b\\/neeltjechanterie.be\\/httpd.www\\/processwire\\/site\\/assets\\/cache\\/FileCompiler\\/site\\/templates\\/admin.php\",\"hash\":\"9636f854995462a4cb877cb1204bc2fe\",\"size\":467,\"time\":1507241071}}', '2010-04-08 03:10:10');
INSERT INTO `caches` (`name`, `data`, `expires`) VALUES('FileCompiler__80100373c8983b8068a6ada3f03b69af', '{\"source\":{\"file\":\"\\/customers\\/0\\/6\\/b\\/neeltjechanterie.be\\/httpd.www\\/processwire\\/site\\/modules\\/ProcessDatabaseBackups\\/ProcessDatabaseBackups.module\",\"hash\":\"e5dea11b1afb638b9a47edcb10eab399\",\"size\":12324,\"time\":1507241250,\"ns\":\"\\\\\"},\"target\":{\"file\":\"\\/customers\\/0\\/6\\/b\\/neeltjechanterie.be\\/httpd.www\\/processwire\\/site\\/assets\\/cache\\/FileCompiler\\/site\\/modules\\/ProcessDatabaseBackups\\/ProcessDatabaseBackups.module\",\"hash\":\"b60bbe3016c7d47159d299c1b87ae4e6\",\"size\":12441,\"time\":1507241250}}', '2010-04-08 03:10:10');
INSERT INTO `caches` (`name`, `data`, `expires`) VALUES('FileCompiler__c2c35b8cda542bf700a1c275fb50cfdd', '{\"source\":{\"file\":\"\\/customers\\/0\\/6\\/b\\/neeltjechanterie.be\\/httpd.www\\/processwire\\/site\\/templates\\/_init.php\",\"hash\":\"ccf4ebe3491add19f5baf7ea155c4623\",\"size\":420,\"time\":1507241071,\"ns\":\"\\\\\"},\"target\":{\"file\":\"\\/customers\\/0\\/6\\/b\\/neeltjechanterie.be\\/httpd.www\\/processwire\\/site\\/assets\\/cache\\/FileCompiler\\/site\\/templates\\/_init.php\",\"hash\":\"6c45234a0667273a17eb192501c070a1\",\"size\":596,\"time\":1507241071}}', '2010-04-08 03:10:10');
INSERT INTO `caches` (`name`, `data`, `expires`) VALUES('FileCompiler__950013dd7f4665ca18a319c6d239ac50', '{\"source\":{\"file\":\"\\/customers\\/0\\/6\\/b\\/neeltjechanterie.be\\/httpd.www\\/processwire\\/site\\/templates\\/home.php\",\"hash\":\"96562042d648ec3107bd60fd9473c40c\",\"size\":3669,\"time\":1507370758,\"ns\":\"\\\\\"},\"target\":{\"file\":\"\\/customers\\/0\\/6\\/b\\/neeltjechanterie.be\\/httpd.www\\/processwire\\/site\\/assets\\/cache\\/FileCompiler\\/site\\/templates\\/home.php\",\"hash\":\"f28f882b8e15d7986e34a5e7fb8cf4cf\",\"size\":4019,\"time\":1507370758}}', '2010-04-08 03:10:10');
INSERT INTO `caches` (`name`, `data`, `expires`) VALUES('FileCompiler__91ceddc31528094f48412b0e0de8f085', '{\"source\":{\"file\":\"\\/customers\\/0\\/6\\/b\\/neeltjechanterie.be\\/httpd.www\\/processwire\\/site\\/templates\\/_func.php\",\"hash\":\"48f0b211061106bab2c2e628546dfdbe\",\"size\":2693,\"time\":1507241071,\"ns\":\"\\\\\"},\"target\":{\"file\":\"\\/customers\\/0\\/6\\/b\\/neeltjechanterie.be\\/httpd.www\\/processwire\\/site\\/assets\\/cache\\/FileCompiler\\/site\\/templates\\/_func.php\",\"hash\":\"ea032e317276d19927662eafe7cc09f5\",\"size\":2745,\"time\":1507241071}}', '2010-04-08 03:10:10');
INSERT INTO `caches` (`name`, `data`, `expires`) VALUES('FileCompiler__8720618cb7e084dc686d4f75a3959abc', '{\"source\":{\"file\":\"\\/customers\\/0\\/6\\/b\\/neeltjechanterie.be\\/httpd.www\\/processwire\\/site\\/templates\\/_head.php\",\"hash\":\"378dc221b835f0adea4439012e9ac813\",\"size\":4718,\"time\":1507242720,\"ns\":\"\\\\\"},\"target\":{\"file\":\"\\/customers\\/0\\/6\\/b\\/neeltjechanterie.be\\/httpd.www\\/processwire\\/site\\/assets\\/cache\\/FileCompiler\\/site\\/templates\\/_head.php\",\"hash\":\"378dc221b835f0adea4439012e9ac813\",\"size\":4718,\"time\":1507242720}}', '2010-04-08 03:10:10');
INSERT INTO `caches` (`name`, `data`, `expires`) VALUES('FileCompiler__707172d9531de7852a87514e64715751', '{\"source\":{\"file\":\"\\/customers\\/0\\/6\\/b\\/neeltjechanterie.be\\/httpd.www\\/processwire\\/site\\/modules\\/MarkupBlog\\/MarkupBlog.module\",\"hash\":\"4f046010de806a694721c7f1d8132307\",\"size\":60587,\"time\":1507241051,\"ns\":\"\\\\\"},\"target\":{\"file\":\"\\/customers\\/0\\/6\\/b\\/neeltjechanterie.be\\/httpd.www\\/processwire\\/site\\/assets\\/cache\\/FileCompiler\\/site\\/modules\\/MarkupBlog\\/MarkupBlog.module\",\"hash\":\"213c437c6edef956add8d99b3ef34c64\",\"size\":61267,\"time\":1507241051}}', '2010-04-08 03:10:10');
INSERT INTO `caches` (`name`, `data`, `expires`) VALUES('FileCompiler__5dee800df8740d0088562433a963cd0c', '{\"source\":{\"file\":\"\\/customers\\/0\\/6\\/b\\/neeltjechanterie.be\\/httpd.www\\/processwire\\/site\\/templates\\/_foot.php\",\"hash\":\"a13adcacd39c817cbd98decbcd8add57\",\"size\":4758,\"time\":1507275287,\"ns\":\"\\\\\"},\"target\":{\"file\":\"\\/customers\\/0\\/6\\/b\\/neeltjechanterie.be\\/httpd.www\\/processwire\\/site\\/assets\\/cache\\/FileCompiler\\/site\\/templates\\/_foot.php\",\"hash\":\"a13adcacd39c817cbd98decbcd8add57\",\"size\":4758,\"time\":1507275287}}', '2010-04-08 03:10:10');
INSERT INTO `caches` (`name`, `data`, `expires`) VALUES('FileCompiler__8bb3a6755af7fb9f78bae15c14203967', '{\"source\":{\"file\":\"\\/customers\\/0\\/6\\/b\\/neeltjechanterie.be\\/httpd.www\\/processwire\\/site\\/templates\\/blog-post.php\",\"hash\":\"5033231a9f1d7c7c66f931210b5d94f0\",\"size\":1002,\"time\":1507369604,\"ns\":\"\\\\\"},\"target\":{\"file\":\"\\/customers\\/0\\/6\\/b\\/neeltjechanterie.be\\/httpd.www\\/processwire\\/site\\/assets\\/cache\\/FileCompiler\\/site\\/templates\\/blog-post.php\",\"hash\":\"85fcf25562b07d0d8a6354869d05c95e\",\"size\":1352,\"time\":1507369604}}', '2010-04-08 03:10:10');
INSERT INTO `caches` (`name`, `data`, `expires`) VALUES('FileCompiler__82c769ecbc85875cee6a1b6121050071', '{\"source\":{\"file\":\"\\/customers\\/0\\/6\\/b\\/neeltjechanterie.be\\/httpd.www\\/processwire\\/site\\/templates\\/blog.php\",\"hash\":\"1a9b14ee1819e750ee5da994e12935a4\",\"size\":2370,\"time\":1507241071,\"ns\":\"\\\\\"},\"target\":{\"file\":\"\\/customers\\/0\\/6\\/b\\/neeltjechanterie.be\\/httpd.www\\/processwire\\/site\\/assets\\/cache\\/FileCompiler\\/site\\/templates\\/blog.php\",\"hash\":\"11739d34be0336e8db14b3e4f6a45018\",\"size\":2721,\"time\":1507241071}}', '2010-04-08 03:10:10');
INSERT INTO `caches` (`name`, `data`, `expires`) VALUES('FileCompiler__d610c40f33cdd7c9339461e31568267c', '{\"source\":{\"file\":\"\\/customers\\/0\\/6\\/b\\/neeltjechanterie.be\\/httpd.www\\/processwire\\/site\\/templates\\/contact-page.php\",\"hash\":\"f85fbc222a040e9e7a335325919e973d\",\"size\":401,\"time\":1507241073,\"ns\":\"\\\\\"},\"target\":{\"file\":\"\\/customers\\/0\\/6\\/b\\/neeltjechanterie.be\\/httpd.www\\/processwire\\/site\\/assets\\/cache\\/FileCompiler\\/site\\/templates\\/contact-page.php\",\"hash\":\"a71a309b2acfb26078ca431e299b7e9b\",\"size\":752,\"time\":1507241073}}', '2010-04-08 03:10:10');
INSERT INTO `caches` (`name`, `data`, `expires`) VALUES('FileCompiler__4aa89987016d8b0251cfb25e3f3da324', '{\"source\":{\"file\":\"\\/customers\\/0\\/6\\/b\\/neeltjechanterie.be\\/httpd.www\\/processwire\\/site\\/templates\\/about-page.php\",\"hash\":\"258790e71a85239e67cf2424d0db2fe8\",\"size\":1679,\"time\":1507368093,\"ns\":\"\\\\\"},\"target\":{\"file\":\"\\/customers\\/0\\/6\\/b\\/neeltjechanterie.be\\/httpd.www\\/processwire\\/site\\/assets\\/cache\\/FileCompiler\\/site\\/templates\\/about-page.php\",\"hash\":\"427b5083f5bcb65870fcba9530925e1b\",\"size\":2204,\"time\":1507368093}}', '2010-04-08 03:10:10');
INSERT INTO `caches` (`name`, `data`, `expires`) VALUES('FileCompiler__e4ed65792c5247316f15bff8a75dc240', '{\"source\":{\"file\":\"\\/customers\\/0\\/6\\/b\\/neeltjechanterie.be\\/httpd.www\\/processwire\\/site\\/templates\\/basic-page.php\",\"hash\":\"6c6da0b1879c615449baa8f56acf2245\",\"size\":326,\"time\":1507241071,\"ns\":\"\\\\\"},\"target\":{\"file\":\"\\/customers\\/0\\/6\\/b\\/neeltjechanterie.be\\/httpd.www\\/processwire\\/site\\/assets\\/cache\\/FileCompiler\\/site\\/templates\\/basic-page.php\",\"hash\":\"76168942a12dc4e3555ab95c8e7ff8fb\",\"size\":677,\"time\":1507241071}}', '2010-04-08 03:10:10');
INSERT INTO `caches` (`name`, `data`, `expires`) VALUES('FileCompiler__1b0e242aeaba1bcba668f37bc9e0435f', '{\"source\":{\"file\":\"\\/customers\\/0\\/6\\/b\\/neeltjechanterie.be\\/httpd.www\\/processwire\\/site\\/modules\\/MarkupBlog\\/ProcessBlog.module\",\"hash\":\"d11b8eead4ed53e85f74102d8acd8c15\",\"size\":120058,\"time\":1507241051,\"ns\":\"\\\\\"},\"target\":{\"file\":\"\\/customers\\/0\\/6\\/b\\/neeltjechanterie.be\\/httpd.www\\/processwire\\/site\\/assets\\/cache\\/FileCompiler\\/site\\/modules\\/MarkupBlog\\/ProcessBlog.module\",\"hash\":\"1919982c06f05100f301f9d429ea92c4\",\"size\":122248,\"time\":1507241051}}', '2010-04-08 03:10:10');
INSERT INTO `caches` (`name`, `data`, `expires`) VALUES('FileCompiler__0ab23947656629a23dc2db97d87b73fe', '{\"source\":{\"file\":\"\\/customers\\/0\\/6\\/b\\/neeltjechanterie.be\\/httpd.www\\/processwire\\/site\\/templates\\/member-page.php\",\"hash\":\"f1ba08a5d311e152684d9940dd8394b2\",\"size\":538,\"time\":1507367955,\"ns\":\"\\\\\"},\"target\":{\"file\":\"\\/customers\\/0\\/6\\/b\\/neeltjechanterie.be\\/httpd.www\\/processwire\\/site\\/assets\\/cache\\/FileCompiler\\/site\\/templates\\/member-page.php\",\"hash\":\"94997543da147b083db97e777aa175a8\",\"size\":888,\"time\":1507367955}}', '2010-04-08 03:10:10');

DROP TABLE IF EXISTS `field_admin_theme`;
CREATE TABLE `field_admin_theme` (
  `pages_id` int(10) unsigned NOT NULL,
  `data` int(11) NOT NULL,
  PRIMARY KEY (`pages_id`),
  KEY `data` (`data`)
) ENGINE=MyISAM DEFAULT CHARSET=utf8;


DROP TABLE IF EXISTS `field_blog_body`;
CREATE TABLE `field_blog_body` (
  `pages_id` int(10) unsigned NOT NULL,
  `data` mediumtext NOT NULL,
  PRIMARY KEY (`pages_id`),
  KEY `data_exact` (`data`(250)),
  FULLTEXT KEY `data` (`data`)
) ENGINE=MyISAM DEFAULT CHARSET=utf8;

INSERT INTO `field_blog_body` (`pages_id`, `data`) VALUES('1039', '<p>She packed her seven versalia, put her initial into the belt and made herself on the way. When she reached the first hills of the Italic Mountains, she had a last view back on the skyline of her hometown Bookmarksgrove, the headline of Alphabet Village and the subline of her own road, the Line Lane. Pityful a rethoric question ran over her cheek, then she continued her way. On her way she met a copy. The copy warned the Little Blind Text, that where it came from it would have been rewritten a thousand times and everything that was left from its origin would be the word \"and\" and the Little Blind Text should turn around and return to its own, safe country. But nothing the copy said could convince her and so it didnt take long until a few insidious Copy Writers ambushed her, made her drunk with Longe and Parole and dragged her into their agency, where they abused her for their projects again and again. And if she hasnt been rewritten, then they are still using her.</p>');
INSERT INTO `field_blog_body` (`pages_id`, `data`) VALUES('1020', '<p>Far far away, behind the word mountains, far from the countries Vokalia and Consonantia, there live the blind texts. Separated they live in Bookmarksgrove right at the coast of the Semantics, a large language ocean. A small river named Duden flows by their place and supplies it with the necessary regelialia.</p>\n\n<p>It is a paradisematic country, in which roasted parts of sentences fly into your mouth. Even the all-powerful Pointing has no control about the blind texts it is an almost unorthographic life One day however a small line of blind text by the name of Lorem Ipsum decided to leave for the far World of Grammar. The Big Oxmox advised her not to do so, because there were thousands of bad Commas, wild Question Marks and devious Semikoli, but the Little Blind Text didnt listen.</p>');
INSERT INTO `field_blog_body` (`pages_id`, `data`) VALUES('1041', '<p>It is a paradisematic country, in which roasted parts of sentences fly into your mouth. Even the all-powerful Pointing has no control about the blind texts it is an almost unorthographic life One day however a small line of blind text by the name of Lorem Ipsum decided to leave for the far World of Grammar. The Big Oxmox advised her not to do so, because there were thousands of bad Commas, wild Question Marks and devious Semikoli, but the Little Blind Text didnt listen.</p>\n\n<p>She packed her seven versalia, put her initial into the belt and made herself on the way. When she reached the first hills of the Italic Mountains, she had a last view back on the skyline of her hometown Bookmarksgrove, the headline of Alphabet Village and the subline of her own road, the Line Lane.</p>\n');

DROP TABLE IF EXISTS `field_blog_categories`;
CREATE TABLE `field_blog_categories` (
  `pages_id` int(10) unsigned NOT NULL,
  `data` int(11) NOT NULL,
  `sort` int(10) unsigned NOT NULL,
  PRIMARY KEY (`pages_id`,`sort`),
  KEY `data` (`data`,`pages_id`,`sort`)
) ENGINE=MyISAM DEFAULT CHARSET=utf8;


DROP TABLE IF EXISTS `field_blog_comments`;
CREATE TABLE `field_blog_comments` (
  `pages_id` int(10) unsigned NOT NULL,
  `data` text NOT NULL,
  `sort` int(10) unsigned NOT NULL,
  `id` int(10) unsigned NOT NULL AUTO_INCREMENT,
  `status` tinyint(3) NOT NULL DEFAULT '0',
  `cite` varchar(128) NOT NULL DEFAULT '',
  `email` varchar(128) NOT NULL DEFAULT '',
  `created` int(10) unsigned NOT NULL,
  `created_users_id` int(10) unsigned NOT NULL,
  `ip` varchar(15) NOT NULL DEFAULT '',
  `user_agent` varchar(250) NOT NULL DEFAULT '',
  `website` varchar(250) NOT NULL DEFAULT '',
  `parent_id` int(10) unsigned NOT NULL DEFAULT '0',
  `flags` int(10) unsigned NOT NULL DEFAULT '0',
  `code` varchar(128) DEFAULT NULL,
  `subcode` varchar(40) DEFAULT NULL,
  `upvotes` int(10) unsigned NOT NULL DEFAULT '0',
  `downvotes` int(10) unsigned NOT NULL DEFAULT '0',
  `stars` tinyint(3) unsigned DEFAULT NULL,
  PRIMARY KEY (`id`),
  KEY `pages_id_sort` (`pages_id`,`sort`),
  KEY `status` (`status`,`email`),
  KEY `pages_id` (`pages_id`,`status`,`created`),
  KEY `created` (`created`,`status`),
  KEY `code` (`code`),
  KEY `subcode` (`subcode`),
  FULLTEXT KEY `data` (`data`)
) ENGINE=MyISAM DEFAULT CHARSET=utf8;


DROP TABLE IF EXISTS `field_blog_comments_max`;
CREATE TABLE `field_blog_comments_max` (
  `pages_id` int(10) unsigned NOT NULL,
  `data` int(11) NOT NULL,
  PRIMARY KEY (`pages_id`),
  KEY `data` (`data`)
) ENGINE=MyISAM DEFAULT CHARSET=utf8;


DROP TABLE IF EXISTS `field_blog_comments_view`;
CREATE TABLE `field_blog_comments_view` (
  `pages_id` int(10) unsigned NOT NULL,
  `data` int(11) NOT NULL,
  `sort` int(10) unsigned NOT NULL,
  PRIMARY KEY (`pages_id`,`sort`),
  KEY `data` (`data`,`pages_id`,`sort`)
) ENGINE=MyISAM DEFAULT CHARSET=utf8;


DROP TABLE IF EXISTS `field_blog_comments_votes`;
CREATE TABLE `field_blog_comments_votes` (
  `comment_id` int(10) unsigned NOT NULL,
  `vote` tinyint(4) NOT NULL,
  `created` timestamp NOT NULL DEFAULT CURRENT_TIMESTAMP ON UPDATE CURRENT_TIMESTAMP,
  `ip` varchar(15) NOT NULL DEFAULT '',
  `user_id` int(10) unsigned NOT NULL DEFAULT '0',
  PRIMARY KEY (`comment_id`,`ip`,`vote`),
  KEY `created` (`created`)
) ENGINE=MyISAM DEFAULT CHARSET=utf8;


DROP TABLE IF EXISTS `field_blog_date`;
CREATE TABLE `field_blog_date` (
  `pages_id` int(10) unsigned NOT NULL,
  `data` datetime NOT NULL,
  PRIMARY KEY (`pages_id`),
  KEY `data` (`data`)
) ENGINE=MyISAM DEFAULT CHARSET=utf8;

INSERT INTO `field_blog_date` (`pages_id`, `data`) VALUES('1020', '2017-10-04 20:18:00');
INSERT INTO `field_blog_date` (`pages_id`, `data`) VALUES('1039', '2017-10-04 21:41:00');
INSERT INTO `field_blog_date` (`pages_id`, `data`) VALUES('1041', '2017-10-03 21:03:00');

DROP TABLE IF EXISTS `field_blog_files`;
CREATE TABLE `field_blog_files` (
  `pages_id` int(10) unsigned NOT NULL,
  `data` varchar(250) NOT NULL,
  `sort` int(10) unsigned NOT NULL,
  `description` text NOT NULL,
  `modified` datetime DEFAULT NULL,
  `created` datetime DEFAULT NULL,
  PRIMARY KEY (`pages_id`,`sort`),
  KEY `data` (`data`),
  KEY `modified` (`modified`),
  KEY `created` (`created`),
  FULLTEXT KEY `description` (`description`)
) ENGINE=MyISAM DEFAULT CHARSET=utf8;


DROP TABLE IF EXISTS `field_blog_headline`;
CREATE TABLE `field_blog_headline` (
  `pages_id` int(10) unsigned NOT NULL,
  `data` text NOT NULL,
  PRIMARY KEY (`pages_id`),
  KEY `data_exact` (`data`(250)),
  FULLTEXT KEY `data` (`data`)
) ENGINE=MyISAM DEFAULT CHARSET=utf8;


DROP TABLE IF EXISTS `field_blog_href`;
CREATE TABLE `field_blog_href` (
  `pages_id` int(10) unsigned NOT NULL,
  `data` text NOT NULL,
  PRIMARY KEY (`pages_id`),
  KEY `data_exact` (`data`(250)),
  FULLTEXT KEY `data` (`data`)
) ENGINE=MyISAM DEFAULT CHARSET=utf8;


DROP TABLE IF EXISTS `field_blog_images`;
CREATE TABLE `field_blog_images` (
  `pages_id` int(10) unsigned NOT NULL,
  `data` varchar(250) NOT NULL,
  `sort` int(10) unsigned NOT NULL,
  `description` text NOT NULL,
  `modified` datetime DEFAULT NULL,
  `created` datetime DEFAULT NULL,
  PRIMARY KEY (`pages_id`,`sort`),
  KEY `data` (`data`),
  KEY `modified` (`modified`),
  KEY `created` (`created`),
  FULLTEXT KEY `description` (`description`)
) ENGINE=MyISAM DEFAULT CHARSET=utf8;


DROP TABLE IF EXISTS `field_blog_links`;
CREATE TABLE `field_blog_links` (
  `pages_id` int(10) unsigned NOT NULL,
  `data` text NOT NULL,
  `count` int(11) NOT NULL,
  `parent_id` int(11) NOT NULL,
  PRIMARY KEY (`pages_id`),
  KEY `data_exact` (`data`(1)),
  KEY `count` (`count`,`pages_id`),
  KEY `parent_id` (`parent_id`,`pages_id`),
  FULLTEXT KEY `data` (`data`)
) ENGINE=MyISAM DEFAULT CHARSET=utf8;

INSERT INTO `field_blog_links` (`pages_id`, `data`, `count`, `parent_id`) VALUES('1035', '', '0', '1036');

DROP TABLE IF EXISTS `field_blog_note`;
CREATE TABLE `field_blog_note` (
  `pages_id` int(10) unsigned NOT NULL,
  `data` text NOT NULL,
  PRIMARY KEY (`pages_id`),
  KEY `data_exact` (`data`(250)),
  FULLTEXT KEY `data` (`data`)
) ENGINE=MyISAM DEFAULT CHARSET=utf8;


DROP TABLE IF EXISTS `field_blog_quantity`;
CREATE TABLE `field_blog_quantity` (
  `pages_id` int(10) unsigned NOT NULL,
  `data` int(11) NOT NULL,
  PRIMARY KEY (`pages_id`),
  KEY `data` (`data`)
) ENGINE=MyISAM DEFAULT CHARSET=utf8;


DROP TABLE IF EXISTS `field_blog_short`;
CREATE TABLE `field_blog_short` (
  `pages_id` int(10) unsigned NOT NULL,
  `data` text NOT NULL,
  PRIMARY KEY (`pages_id`),
  KEY `data_exact` (`data`(250)),
  FULLTEXT KEY `data` (`data`)
) ENGINE=MyISAM DEFAULT CHARSET=utf8;

INSERT INTO `field_blog_short` (`pages_id`, `data`) VALUES('1039', 'Lorem ipsum dolor sit amet, consectetur adipiscing elit, sed do eiusmod tempor incididunt.');
INSERT INTO `field_blog_short` (`pages_id`, `data`) VALUES('1020', 'Lorem ipsum dolor sit amet, consectetur adipiscing elit, sed do eiusmod tempor incididunt.');
INSERT INTO `field_blog_short` (`pages_id`, `data`) VALUES('1041', 'Question Marks and devious Semikoli, but the Little Blind Text didnt listen');

DROP TABLE IF EXISTS `field_blog_small`;
CREATE TABLE `field_blog_small` (
  `pages_id` int(10) unsigned NOT NULL,
  `data` int(11) NOT NULL,
  PRIMARY KEY (`pages_id`),
  KEY `data` (`data`)
) ENGINE=MyISAM DEFAULT CHARSET=utf8;


DROP TABLE IF EXISTS `field_blog_summary`;
CREATE TABLE `field_blog_summary` (
  `pages_id` int(10) unsigned NOT NULL,
  `data` mediumtext NOT NULL,
  PRIMARY KEY (`pages_id`),
  KEY `data_exact` (`data`(250)),
  FULLTEXT KEY `data` (`data`)
) ENGINE=MyISAM DEFAULT CHARSET=utf8;


DROP TABLE IF EXISTS `field_blog_tags`;
CREATE TABLE `field_blog_tags` (
  `pages_id` int(10) unsigned NOT NULL,
  `data` int(11) NOT NULL,
  `sort` int(10) unsigned NOT NULL,
  PRIMARY KEY (`pages_id`,`sort`),
  KEY `data` (`data`,`pages_id`,`sort`)
) ENGINE=MyISAM DEFAULT CHARSET=utf8;


DROP TABLE IF EXISTS `field_body`;
CREATE TABLE `field_body` (
  `pages_id` int(10) unsigned NOT NULL,
  `data` mediumtext NOT NULL,
  PRIMARY KEY (`pages_id`),
  FULLTEXT KEY `data` (`data`)
) ENGINE=MyISAM DEFAULT CHARSET=utf8;

INSERT INTO `field_body` (`pages_id`, `data`) VALUES('27', '<h3>The page you were looking for is not found.</h3><p>Please use our search engine or navigation above to find the page.</p>');
INSERT INTO `field_body` (`pages_id`, `data`) VALUES('1', '<h2>What is ProcessWire?</h2>\n\n<p>ProcessWire gives you full control over your fields, templates and markup. It provides a powerful template system that works the way you do. Not to mention, ProcessWire\'s API makes working with your content easy and enjoyable. <a href=\"http://processwire.com\">Learn more</a></p>\n\n<h3>About this site profile</h3>\n\n<p>This is a basic minimal site for you to use in developing your own site or to learn from. There are a few pages here to serve as examples, but this site profile does not make any attempt to demonstrate all that ProcessWire can do. To learn more or ask questions, visit the <a href=\"http://www.processwire.com/talk/\" target=\"_blank\" rel=\"noreferrer noopener\">ProcessWire forums</a> or <a href=\"http://modules.processwire.com/categories/site-profile/\">browse more site profiles</a>. If you are building a new site, this minimal profile is a good place to start. You may use these existing templates and design as they are, or you may replace them entirely.</p>\n\n<h3>Browse the site</h3>');
INSERT INTO `field_body` (`pages_id`, `data`) VALUES('1002', '<h2>Ut capio feugiat saepius torqueo olim</h2>\n\n<h3>In utinam facilisi eum vicis feugait nimis</h3>\n\n<p>Iusto incassum appellatio cui macto genitus vel. Lobortis aliquam luctus, roto enim, imputo wisi tamen. Ratis odio, genitus acsi, neo illum consequat consectetuer ut.</p>\n\n<blockquote>\n<p>Wisi fere virtus cogo, ex ut vel nullus similis vel iusto. Tation incassum adsum in, quibus capto premo diam suscipere facilisi. Uxor laoreet mos capio premo feugait ille et. Pecus abigo immitto epulae duis vel. Neque causa, indoles verto, decet ingenium dignissim.</p>\n</blockquote>\n\n<p>Patria iriure vel vel autem proprius indoles ille sit. Tation blandit refoveo, accumsan ut ulciscor lucidus inhibeo capto aptent opes, foras.</p>\n\n<h3>Dolore ea valde refero feugait utinam luctus</h3>\n\n<p>Usitas, nostrud transverbero, in, amet, nostrud ad. Ex feugiat opto diam os aliquam regula lobortis dolore ut ut quadrum. Esse eu quis nunc jugis iriure volutpat wisi, fere blandit inhibeo melior, hendrerit, saluto velit. Eu bene ideo dignissim delenit accumsan nunc. Usitas ille autem camur consequat typicus feugait elit ex accumsan nutus accumsan nimis pagus, occuro. Immitto populus, qui feugiat opto pneum letalis paratus. Mara conventio torqueo nibh caecus abigo sit eum brevitas. Populus, duis ex quae exerci hendrerit, si antehabeo nobis, consequat ea praemitto zelus.</p>\n\n<p>Immitto os ratis euismod conventio erat jus caecus sudo. code test Appellatio consequat, et ibidem ludus nulla dolor augue abdo tego euismod plaga lenis. Sit at nimis venio venio tego os et pecus enim pneum magna nobis ad pneum. Saepius turpis probo refero molior nonummy aliquam neque appellatio jus luctus acsi. Ulciscor refero pagus imputo eu refoveo valetudo duis dolore usitas. Consequat suscipere quod torqueo ratis ullamcorper, dolore lenis, letalis quia quadrum plaga minim.</p>');
INSERT INTO `field_body` (`pages_id`, `data`) VALUES('1001', '<p>Far far away, behind the word mountains, far from the countries Vokalia and Consonantia, there live the blind texts. Separated they live in Bookmarksgrove right at the coast of the Semantics, a large language ocean. A small river named Duden flows by their place and supplies it with the necessary regelialia.</p>\n\n<p>It is a paradisematic country, in which roasted parts of sentences fly into your mouth. Even the all-powerful Pointing has no control about the blind texts it is an almost unorthographic life One day however a small line of blind text by the name of Lorem Ipsum decided to leave for the far World of Grammar. The Big Oxmox advised her not to do so, because there were thousands of bad Commas, wild Question Marks and devious Semikoli, but the Little Blind Text didnt listen.</p>\n\n<p>She packed her seven versalia, put her initial into the belt and made herself on the way. When she reached the first hills of the Italic Mountains, she had a last view back on the skyline of her hometown Bookmarksgrove, the headline of Alphabet Village and the subline of her own road, the Line Lane. Pityful a rethoric question ran over her cheek, then she continued her way. On her way she met a copy. The copy warned the Little Blind Text, that where it came from it would have been rewritten a thousand times and everything that was left from its origin would be the word \"and\" and the Little Blind Text should turn around and return to its own, safe country. But nothing the copy said could convince her and so it didnt take long until a few insidious Copy Writers ambushed her, made her drunk with Longe and Parole and dragged her into their agency, where they abused her for their projects again and again. And if she hasnt been rewritten, then they are still using her.</p>');
INSERT INTO `field_body` (`pages_id`, `data`) VALUES('1004', '<h2>Pertineo vel dignissim, natu letalis fere odio</h2>\n\n<p>Magna in gemino, gilvus iusto capto jugis abdo mos aptent acsi qui. Utrum inhibeo humo humo duis quae. Lucidus paulatim facilisi scisco quibus hendrerit conventio adsum.</p>\n\n<h3>Si lobortis singularis genitus ibidem saluto</h3>\n\n<ul><li>Feugiat eligo foras ex elit sed indoles hos elit ex antehabeo defui et nostrud.</li>\n	<li>Letatio valetudo multo consequat inhibeo ille dignissim pagus et in quadrum eum eu.</li>\n	<li>Aliquam si consequat, ut nulla amet et turpis exerci, adsum luctus ne decet, delenit.</li>\n	<li>Commoveo nunc diam valetudo cui, aptent commoveo at obruo uxor nulla aliquip augue.</li>\n</ul><p>Iriure, ex velit, praesent vulpes delenit capio vero gilvus inhibeo letatio aliquip metuo qui eros. Transverbero demoveo euismod letatio torqueo melior. Ut odio in suscipit paulatim amet huic letalis suscipere eros causa, letalis magna.</p>\n\n<ol><li>Feugiat eligo foras ex elit sed indoles hos elit ex antehabeo defui et nostrud.</li>\n	<li>Letatio valetudo multo consequat inhibeo ille dignissim pagus et in quadrum eum eu.</li>\n	<li>Aliquam si consequat, ut nulla amet et turpis exerci, adsum luctus ne decet, delenit.</li>\n	<li>Commoveo nunc diam valetudo cui, aptent commoveo at obruo uxor nulla aliquip augue.</li>\n</ol>');
INSERT INTO `field_body` (`pages_id`, `data`) VALUES('1040', '<p>Far far away, behind the word mountains, far from the countries Vokalia and Consonantia, there live the blind texts. Separated they live in Bookmarksgrove right at the coast of the Semantics, a large language ocean. A small river named Duden flows by their place and supplies it with the necessary regelialia.</p>');

DROP TABLE IF EXISTS `field_contact_email`;
CREATE TABLE `field_contact_email` (
  `pages_id` int(10) unsigned NOT NULL,
  `data` varchar(250) NOT NULL DEFAULT '',
  PRIMARY KEY (`pages_id`),
  KEY `data_exact` (`data`),
  FULLTEXT KEY `data` (`data`)
) ENGINE=MyISAM DEFAULT CHARSET=utf8;


DROP TABLE IF EXISTS `field_contact_message`;
CREATE TABLE `field_contact_message` (
  `pages_id` int(10) unsigned NOT NULL,
  `data` mediumtext NOT NULL,
  PRIMARY KEY (`pages_id`),
  KEY `data_exact` (`data`(250)),
  FULLTEXT KEY `data` (`data`)
) ENGINE=MyISAM DEFAULT CHARSET=utf8;


DROP TABLE IF EXISTS `field_contact_name`;
CREATE TABLE `field_contact_name` (
  `pages_id` int(10) unsigned NOT NULL,
  `data` text NOT NULL,
  PRIMARY KEY (`pages_id`),
  KEY `data_exact` (`data`(250)),
  FULLTEXT KEY `data` (`data`)
) ENGINE=MyISAM DEFAULT CHARSET=utf8;


DROP TABLE IF EXISTS `field_contact_subject`;
CREATE TABLE `field_contact_subject` (
  `pages_id` int(10) unsigned NOT NULL,
  `data` text NOT NULL,
  PRIMARY KEY (`pages_id`),
  KEY `data_exact` (`data`(250)),
  FULLTEXT KEY `data` (`data`)
) ENGINE=MyISAM DEFAULT CHARSET=utf8;


DROP TABLE IF EXISTS `field_cta_block`;
CREATE TABLE `field_cta_block` (
  `pages_id` int(10) unsigned NOT NULL,
  `data` int(11) NOT NULL,
  `sort` int(10) unsigned NOT NULL,
  PRIMARY KEY (`pages_id`,`sort`),
  KEY `data` (`data`,`pages_id`,`sort`)
) ENGINE=MyISAM DEFAULT CHARSET=utf8;

INSERT INTO `field_cta_block` (`pages_id`, `data`, `sort`) VALUES('1', '1001', '0');
INSERT INTO `field_cta_block` (`pages_id`, `data`, `sort`) VALUES('1', '1019', '1');
INSERT INTO `field_cta_block` (`pages_id`, `data`, `sort`) VALUES('1', '1040', '2');

DROP TABLE IF EXISTS `field_email`;
CREATE TABLE `field_email` (
  `pages_id` int(10) unsigned NOT NULL,
  `data` varchar(250) NOT NULL DEFAULT '',
  PRIMARY KEY (`pages_id`),
  KEY `data_exact` (`data`),
  FULLTEXT KEY `data` (`data`)
) ENGINE=MyISAM DEFAULT CHARSET=utf8;

INSERT INTO `field_email` (`pages_id`, `data`) VALUES('41', 'neeltje.ch@gmail.com');

DROP TABLE IF EXISTS `field_headline`;
CREATE TABLE `field_headline` (
  `pages_id` int(10) unsigned NOT NULL,
  `data` text NOT NULL,
  PRIMARY KEY (`pages_id`),
  FULLTEXT KEY `data` (`data`)
) ENGINE=MyISAM DEFAULT CHARSET=utf8;

INSERT INTO `field_headline` (`pages_id`, `data`) VALUES('1', 'Minimal Site Profile');
INSERT INTO `field_headline` (`pages_id`, `data`) VALUES('1001', 'About Us');
INSERT INTO `field_headline` (`pages_id`, `data`) VALUES('27', '404 Page Not Found');

DROP TABLE IF EXISTS `field_images`;
CREATE TABLE `field_images` (
  `pages_id` int(10) unsigned NOT NULL,
  `data` varchar(250) NOT NULL,
  `sort` int(10) unsigned NOT NULL,
  `description` text NOT NULL,
  `modified` datetime DEFAULT NULL,
  `created` datetime DEFAULT NULL,
  PRIMARY KEY (`pages_id`,`sort`),
  KEY `data` (`data`),
  KEY `modified` (`modified`),
  KEY `created` (`created`),
  FULLTEXT KEY `description` (`description`)
) ENGINE=MyISAM DEFAULT CHARSET=utf8;

INSERT INTO `field_images` (`pages_id`, `data`, `sort`, `description`, `modified`, `created`) VALUES('1', 'rough_cartoon_puppet.jpg', '1', 'Copyright by Austin Cramer for DesignIntelligence. This is a placeholder while he makes new ones for us.', '2017-10-04 20:00:18', '2017-10-04 20:00:18');
INSERT INTO `field_images` (`pages_id`, `data`, `sort`, `description`, `modified`, `created`) VALUES('1', 'airport_cartoon_3.jpg', '0', 'Copyright by Austin Cramer for DesignIntelligence. This is a placeholder while he makes new ones for us.', '2017-10-04 20:00:18', '2017-10-04 20:00:18');

DROP TABLE IF EXISTS `field_pass`;
CREATE TABLE `field_pass` (
  `pages_id` int(10) unsigned NOT NULL,
  `data` char(40) NOT NULL,
  `salt` char(32) NOT NULL,
  PRIMARY KEY (`pages_id`),
  KEY `data` (`data`)
) ENGINE=MyISAM DEFAULT CHARSET=ascii;

INSERT INTO `field_pass` (`pages_id`, `data`, `salt`) VALUES('41', 'XBSKVE8/OMU4fYaDiC5EowgmLLCcVru', '$2y$11$7iHcus93sgJ33DlCdBgqku');
INSERT INTO `field_pass` (`pages_id`, `data`, `salt`) VALUES('40', '', '');

DROP TABLE IF EXISTS `field_permissions`;
CREATE TABLE `field_permissions` (
  `pages_id` int(10) unsigned NOT NULL,
  `data` int(11) NOT NULL,
  `sort` int(10) unsigned NOT NULL,
  PRIMARY KEY (`pages_id`,`sort`),
  KEY `data` (`data`,`pages_id`,`sort`)
) ENGINE=MyISAM DEFAULT CHARSET=utf8;

INSERT INTO `field_permissions` (`pages_id`, `data`, `sort`) VALUES('38', '32', '1');
INSERT INTO `field_permissions` (`pages_id`, `data`, `sort`) VALUES('38', '34', '2');
INSERT INTO `field_permissions` (`pages_id`, `data`, `sort`) VALUES('38', '35', '3');
INSERT INTO `field_permissions` (`pages_id`, `data`, `sort`) VALUES('37', '36', '0');
INSERT INTO `field_permissions` (`pages_id`, `data`, `sort`) VALUES('38', '36', '0');
INSERT INTO `field_permissions` (`pages_id`, `data`, `sort`) VALUES('38', '50', '4');
INSERT INTO `field_permissions` (`pages_id`, `data`, `sort`) VALUES('38', '51', '5');
INSERT INTO `field_permissions` (`pages_id`, `data`, `sort`) VALUES('38', '52', '7');
INSERT INTO `field_permissions` (`pages_id`, `data`, `sort`) VALUES('38', '53', '8');
INSERT INTO `field_permissions` (`pages_id`, `data`, `sort`) VALUES('38', '54', '6');

DROP TABLE IF EXISTS `field_process`;
CREATE TABLE `field_process` (
  `pages_id` int(11) NOT NULL DEFAULT '0',
  `data` int(11) NOT NULL DEFAULT '0',
  PRIMARY KEY (`pages_id`),
  KEY `data` (`data`)
) ENGINE=MyISAM DEFAULT CHARSET=utf8;

INSERT INTO `field_process` (`pages_id`, `data`) VALUES('6', '17');
INSERT INTO `field_process` (`pages_id`, `data`) VALUES('3', '12');
INSERT INTO `field_process` (`pages_id`, `data`) VALUES('8', '12');
INSERT INTO `field_process` (`pages_id`, `data`) VALUES('9', '14');
INSERT INTO `field_process` (`pages_id`, `data`) VALUES('10', '7');
INSERT INTO `field_process` (`pages_id`, `data`) VALUES('11', '47');
INSERT INTO `field_process` (`pages_id`, `data`) VALUES('16', '48');
INSERT INTO `field_process` (`pages_id`, `data`) VALUES('300', '104');
INSERT INTO `field_process` (`pages_id`, `data`) VALUES('21', '50');
INSERT INTO `field_process` (`pages_id`, `data`) VALUES('29', '66');
INSERT INTO `field_process` (`pages_id`, `data`) VALUES('23', '10');
INSERT INTO `field_process` (`pages_id`, `data`) VALUES('304', '138');
INSERT INTO `field_process` (`pages_id`, `data`) VALUES('31', '136');
INSERT INTO `field_process` (`pages_id`, `data`) VALUES('22', '76');
INSERT INTO `field_process` (`pages_id`, `data`) VALUES('30', '68');
INSERT INTO `field_process` (`pages_id`, `data`) VALUES('303', '129');
INSERT INTO `field_process` (`pages_id`, `data`) VALUES('2', '87');
INSERT INTO `field_process` (`pages_id`, `data`) VALUES('302', '121');
INSERT INTO `field_process` (`pages_id`, `data`) VALUES('301', '109');
INSERT INTO `field_process` (`pages_id`, `data`) VALUES('28', '76');
INSERT INTO `field_process` (`pages_id`, `data`) VALUES('1007', '150');
INSERT INTO `field_process` (`pages_id`, `data`) VALUES('1009', '158');
INSERT INTO `field_process` (`pages_id`, `data`) VALUES('1011', '159');
INSERT INTO `field_process` (`pages_id`, `data`) VALUES('1014', '163');
INSERT INTO `field_process` (`pages_id`, `data`) VALUES('1042', '171');

DROP TABLE IF EXISTS `field_roles`;
CREATE TABLE `field_roles` (
  `pages_id` int(10) unsigned NOT NULL,
  `data` int(11) NOT NULL,
  `sort` int(10) unsigned NOT NULL,
  PRIMARY KEY (`pages_id`,`sort`),
  KEY `data` (`data`,`pages_id`,`sort`)
) ENGINE=MyISAM DEFAULT CHARSET=utf8;

INSERT INTO `field_roles` (`pages_id`, `data`, `sort`) VALUES('40', '37', '0');
INSERT INTO `field_roles` (`pages_id`, `data`, `sort`) VALUES('41', '37', '0');
INSERT INTO `field_roles` (`pages_id`, `data`, `sort`) VALUES('41', '38', '2');

DROP TABLE IF EXISTS `field_scf_date`;
CREATE TABLE `field_scf_date` (
  `pages_id` int(10) unsigned NOT NULL,
  `data` datetime NOT NULL,
  PRIMARY KEY (`pages_id`),
  KEY `data` (`data`)
) ENGINE=MyISAM DEFAULT CHARSET=utf8;

INSERT INTO `field_scf_date` (`pages_id`, `data`) VALUES('1044', '2017-10-05 21:33:28');
INSERT INTO `field_scf_date` (`pages_id`, `data`) VALUES('1046', '2017-10-05 21:46:48');

DROP TABLE IF EXISTS `field_scf_ip`;
CREATE TABLE `field_scf_ip` (
  `pages_id` int(10) unsigned NOT NULL,
  `data` text NOT NULL,
  PRIMARY KEY (`pages_id`),
  KEY `data_exact` (`data`(250)),
  FULLTEXT KEY `data` (`data`)
) ENGINE=MyISAM DEFAULT CHARSET=utf8;

INSERT INTO `field_scf_ip` (`pages_id`, `data`) VALUES('1044', '::1');
INSERT INTO `field_scf_ip` (`pages_id`, `data`) VALUES('1046', '::1');

DROP TABLE IF EXISTS `field_scf_name`;
CREATE TABLE `field_scf_name` (
  `pages_id` int(10) unsigned NOT NULL,
  `data` text NOT NULL,
  PRIMARY KEY (`pages_id`),
  KEY `data_exact` (`data`(250)),
  FULLTEXT KEY `data` (`data`)
) ENGINE=MyISAM DEFAULT CHARSET=utf8;


DROP TABLE IF EXISTS `field_scf_spamip`;
CREATE TABLE `field_scf_spamip` (
  `pages_id` int(10) unsigned NOT NULL,
  `data` tinyint(4) NOT NULL,
  PRIMARY KEY (`pages_id`),
  KEY `data` (`data`)
) ENGINE=MyISAM DEFAULT CHARSET=utf8;


DROP TABLE IF EXISTS `field_sidebar`;
CREATE TABLE `field_sidebar` (
  `pages_id` int(10) unsigned NOT NULL,
  `data` mediumtext NOT NULL,
  PRIMARY KEY (`pages_id`),
  FULLTEXT KEY `data` (`data`)
) ENGINE=MyISAM DEFAULT CHARSET=utf8;

INSERT INTO `field_sidebar` (`pages_id`, `data`) VALUES('1', '<h3>About ProcessWire</h3>\n\n<p>ProcessWire is an open source CMS and web application framework aimed at the needs of designers, developers and their clients.</p>\n\n<ul><li><a href=\"http://processwire.com/talk/\">Support</a></li>\n	<li><a href=\"http://processwire.com/docs/\">Documentation</a></li>\n	<li><a href=\"http://processwire.com/docs/tutorials/\">Tutorials</a></li>\n	<li><a href=\"http://cheatsheet.processwire.com\">API Cheatsheet</a></li>\n	<li><a href=\"http://modules.processwire.com\">Modules/Plugins</a></li>\n</ul>');
INSERT INTO `field_sidebar` (`pages_id`, `data`) VALUES('1002', '<h3>Sudo nullus</h3>\r\n\r\n<p>Et torqueo vulpes vereor luctus augue quod consectetuer antehabeo causa patria tation ex plaga ut. Abluo delenit wisi iriure eros feugiat probo nisl aliquip nisl, patria. Antehabeo esse camur nisl modo utinam. Sudo nullus ventosus ibidem facilisis saepius eum sino pneum, vicis odio voco opto.</p>');

DROP TABLE IF EXISTS `field_summary`;
CREATE TABLE `field_summary` (
  `pages_id` int(10) unsigned NOT NULL,
  `data` mediumtext NOT NULL,
  PRIMARY KEY (`pages_id`),
  FULLTEXT KEY `data` (`data`)
) ENGINE=MyISAM DEFAULT CHARSET=utf8;

INSERT INTO `field_summary` (`pages_id`, `data`) VALUES('1002', 'Dolore ea valde refero feugait utinam luctus. Probo velit commoveo et, delenit praesent, suscipit zelus, hendrerit zelus illum facilisi, regula. ');
INSERT INTO `field_summary` (`pages_id`, `data`) VALUES('1001', 'This is a placeholder page with two child pages to serve as an example. ');
INSERT INTO `field_summary` (`pages_id`, `data`) VALUES('1005', 'View this template\'s source for a demonstration of how to create a basic site map. ');
INSERT INTO `field_summary` (`pages_id`, `data`) VALUES('1004', 'Mos erat reprobo in praesent, mara premo, obruo iustum pecus velit lobortis te sagaciter populus.');
INSERT INTO `field_summary` (`pages_id`, `data`) VALUES('1', 'ProcessWire is an open source CMS and web application framework aimed at the needs of designers, developers and their clients. ');

DROP TABLE IF EXISTS `field_team_member`;
CREATE TABLE `field_team_member` (
  `pages_id` int(10) unsigned NOT NULL,
  `data` text NOT NULL,
  PRIMARY KEY (`pages_id`),
  KEY `data_exact` (`data`(250)),
  FULLTEXT KEY `data` (`data`)
) ENGINE=MyISAM DEFAULT CHARSET=utf8;

INSERT INTO `field_team_member` (`pages_id`, `data`) VALUES('1002', 'Keeper of the plants');
INSERT INTO `field_team_member` (`pages_id`, `data`) VALUES('1004', 'Guardian of the plants');

DROP TABLE IF EXISTS `field_thumb`;
CREATE TABLE `field_thumb` (
  `pages_id` int(10) unsigned NOT NULL,
  `data` varchar(250) NOT NULL,
  `sort` int(10) unsigned NOT NULL,
  `description` text NOT NULL,
  `modified` datetime DEFAULT NULL,
  `created` datetime DEFAULT NULL,
  PRIMARY KEY (`pages_id`,`sort`),
  KEY `data` (`data`),
  KEY `modified` (`modified`),
  KEY `created` (`created`),
  FULLTEXT KEY `description` (`description`)
) ENGINE=MyISAM DEFAULT CHARSET=utf8;

INSERT INTO `field_thumb` (`pages_id`, `data`, `sort`, `description`, `modified`, `created`) VALUES('1001', 'pexels-photo-326019.jpeg', '0', '', '2017-10-04 20:42:54', '2017-10-04 20:42:54');
INSERT INTO `field_thumb` (`pages_id`, `data`, `sort`, `description`, `modified`, `created`) VALUES('1', 'pexels-photo-155445.jpeg', '0', '', '2017-10-04 20:47:29', '2017-10-04 20:47:29');
INSERT INTO `field_thumb` (`pages_id`, `data`, `sort`, `description`, `modified`, `created`) VALUES('1005', 'pexels-photo-175260.jpeg', '0', '', '2017-10-04 21:34:06', '2017-10-04 21:34:06');
INSERT INTO `field_thumb` (`pages_id`, `data`, `sort`, `description`, `modified`, `created`) VALUES('1019', 'pexels-photo-175254.jpeg', '0', '', '2017-10-04 21:35:09', '2017-10-04 21:35:09');
INSERT INTO `field_thumb` (`pages_id`, `data`, `sort`, `description`, `modified`, `created`) VALUES('1039', 'obdivv0.jpg', '0', '', '2017-10-04 21:51:00', '2017-10-04 21:51:00');
INSERT INTO `field_thumb` (`pages_id`, `data`, `sort`, `description`, `modified`, `created`) VALUES('1020', 'pexels-photo-305821-1.jpeg', '0', '', '2017-10-04 21:53:54', '2017-10-04 21:53:54');
INSERT INTO `field_thumb` (`pages_id`, `data`, `sort`, `description`, `modified`, `created`) VALUES('1002', 'about.jpg', '0', '', '2017-10-04 22:20:29', '2017-10-04 22:20:29');
INSERT INTO `field_thumb` (`pages_id`, `data`, `sort`, `description`, `modified`, `created`) VALUES('1004', 'about-2.jpeg', '0', '', '2017-10-04 22:20:46', '2017-10-04 22:20:46');
INSERT INTO `field_thumb` (`pages_id`, `data`, `sort`, `description`, `modified`, `created`) VALUES('1040', 'pexels-photo-175260.jpeg', '0', '', '2017-10-04 22:27:02', '2017-10-04 22:27:02');
INSERT INTO `field_thumb` (`pages_id`, `data`, `sort`, `description`, `modified`, `created`) VALUES('1041', '521.jpg', '0', '', '2017-10-05 21:04:29', '2017-10-05 21:04:29');
INSERT INTO `field_thumb` (`pages_id`, `data`, `sort`, `description`, `modified`, `created`) VALUES('1041', '521-1.jpg', '1', '', '2017-10-06 00:12:56', '1970-01-01 01:00:10');

DROP TABLE IF EXISTS `field_title`;
CREATE TABLE `field_title` (
  `pages_id` int(10) unsigned NOT NULL,
  `data` text NOT NULL,
  PRIMARY KEY (`pages_id`),
  KEY `data_exact` (`data`(255)),
  FULLTEXT KEY `data` (`data`)
) ENGINE=MyISAM DEFAULT CHARSET=utf8;

INSERT INTO `field_title` (`pages_id`, `data`) VALUES('11', 'Templates');
INSERT INTO `field_title` (`pages_id`, `data`) VALUES('16', 'Fields');
INSERT INTO `field_title` (`pages_id`, `data`) VALUES('22', 'Setup');
INSERT INTO `field_title` (`pages_id`, `data`) VALUES('3', 'Pages');
INSERT INTO `field_title` (`pages_id`, `data`) VALUES('6', 'Add Page');
INSERT INTO `field_title` (`pages_id`, `data`) VALUES('8', 'Tree');
INSERT INTO `field_title` (`pages_id`, `data`) VALUES('9', 'Save Sort');
INSERT INTO `field_title` (`pages_id`, `data`) VALUES('10', 'Edit');
INSERT INTO `field_title` (`pages_id`, `data`) VALUES('21', 'Modules');
INSERT INTO `field_title` (`pages_id`, `data`) VALUES('29', 'Users');
INSERT INTO `field_title` (`pages_id`, `data`) VALUES('30', 'Roles');
INSERT INTO `field_title` (`pages_id`, `data`) VALUES('2', 'Admin');
INSERT INTO `field_title` (`pages_id`, `data`) VALUES('7', 'Trash');
INSERT INTO `field_title` (`pages_id`, `data`) VALUES('27', '404 Page');
INSERT INTO `field_title` (`pages_id`, `data`) VALUES('302', 'Insert Link');
INSERT INTO `field_title` (`pages_id`, `data`) VALUES('23', 'Login');
INSERT INTO `field_title` (`pages_id`, `data`) VALUES('304', 'Profile');
INSERT INTO `field_title` (`pages_id`, `data`) VALUES('301', 'Empty Trash');
INSERT INTO `field_title` (`pages_id`, `data`) VALUES('300', 'Search');
INSERT INTO `field_title` (`pages_id`, `data`) VALUES('303', 'Insert Image');
INSERT INTO `field_title` (`pages_id`, `data`) VALUES('28', 'Access');
INSERT INTO `field_title` (`pages_id`, `data`) VALUES('31', 'Permissions');
INSERT INTO `field_title` (`pages_id`, `data`) VALUES('32', 'Edit pages');
INSERT INTO `field_title` (`pages_id`, `data`) VALUES('34', 'Delete pages');
INSERT INTO `field_title` (`pages_id`, `data`) VALUES('35', 'Move pages (change parent)');
INSERT INTO `field_title` (`pages_id`, `data`) VALUES('36', 'View pages');
INSERT INTO `field_title` (`pages_id`, `data`) VALUES('50', 'Sort child pages');
INSERT INTO `field_title` (`pages_id`, `data`) VALUES('51', 'Change templates on pages');
INSERT INTO `field_title` (`pages_id`, `data`) VALUES('52', 'Administer users');
INSERT INTO `field_title` (`pages_id`, `data`) VALUES('53', 'User can update profile/password');
INSERT INTO `field_title` (`pages_id`, `data`) VALUES('54', 'Lock or unlock a page');
INSERT INTO `field_title` (`pages_id`, `data`) VALUES('1', 'Home');
INSERT INTO `field_title` (`pages_id`, `data`) VALUES('1001', 'About');
INSERT INTO `field_title` (`pages_id`, `data`) VALUES('1002', 'Child page example 1');
INSERT INTO `field_title` (`pages_id`, `data`) VALUES('1000', 'Search');
INSERT INTO `field_title` (`pages_id`, `data`) VALUES('1004', 'Child page example 2');
INSERT INTO `field_title` (`pages_id`, `data`) VALUES('1005', 'Site Map');
INSERT INTO `field_title` (`pages_id`, `data`) VALUES('1006', 'Use Page Lister');
INSERT INTO `field_title` (`pages_id`, `data`) VALUES('1007', 'Find');
INSERT INTO `field_title` (`pages_id`, `data`) VALUES('1009', 'Recent');
INSERT INTO `field_title` (`pages_id`, `data`) VALUES('1010', 'Can see recently edited pages');
INSERT INTO `field_title` (`pages_id`, `data`) VALUES('1011', 'Logs');
INSERT INTO `field_title` (`pages_id`, `data`) VALUES('1012', 'Can view system logs');
INSERT INTO `field_title` (`pages_id`, `data`) VALUES('1013', 'Can manage system logs');
INSERT INTO `field_title` (`pages_id`, `data`) VALUES('1014', 'Blog');
INSERT INTO `field_title` (`pages_id`, `data`) VALUES('1015', 'View Blog Page');
INSERT INTO `field_title` (`pages_id`, `data`) VALUES('1017', 'Repeaters');
INSERT INTO `field_title` (`pages_id`, `data`) VALUES('1018', 'Blog Links');
INSERT INTO `field_title` (`pages_id`, `data`) VALUES('1019', 'Blog');
INSERT INTO `field_title` (`pages_id`, `data`) VALUES('1020', 'Example Post');
INSERT INTO `field_title` (`pages_id`, `data`) VALUES('1021', 'Categories');
INSERT INTO `field_title` (`pages_id`, `data`) VALUES('1022', 'Tags');
INSERT INTO `field_title` (`pages_id`, `data`) VALUES('1023', 'Comments');
INSERT INTO `field_title` (`pages_id`, `data`) VALUES('1024', 'Widgets');
INSERT INTO `field_title` (`pages_id`, `data`) VALUES('1025', 'Authors');
INSERT INTO `field_title` (`pages_id`, `data`) VALUES('1026', 'Archives');
INSERT INTO `field_title` (`pages_id`, `data`) VALUES('1027', 'Settings');
INSERT INTO `field_title` (`pages_id`, `data`) VALUES('1028', 'Example Category');
INSERT INTO `field_title` (`pages_id`, `data`) VALUES('1029', 'Example Tag');
INSERT INTO `field_title` (`pages_id`, `data`) VALUES('1030', 'Always Show Comments');
INSERT INTO `field_title` (`pages_id`, `data`) VALUES('1031', 'Disable New Comments');
INSERT INTO `field_title` (`pages_id`, `data`) VALUES('1032', 'Disable Comments');
INSERT INTO `field_title` (`pages_id`, `data`) VALUES('1033', 'Recent Posts');
INSERT INTO `field_title` (`pages_id`, `data`) VALUES('1034', 'Recent Comments');
INSERT INTO `field_title` (`pages_id`, `data`) VALUES('1035', 'Blogroll');
INSERT INTO `field_title` (`pages_id`, `data`) VALUES('1036', 'blogroll');
INSERT INTO `field_title` (`pages_id`, `data`) VALUES('1037', 'Recent Tweets');
INSERT INTO `field_title` (`pages_id`, `data`) VALUES('1038', 'Post Author');
INSERT INTO `field_title` (`pages_id`, `data`) VALUES('1039', 'Title even');
INSERT INTO `field_title` (`pages_id`, `data`) VALUES('1040', 'Contact');
INSERT INTO `field_title` (`pages_id`, `data`) VALUES('1041', 'Title odd');
INSERT INTO `field_title` (`pages_id`, `data`) VALUES('1042', 'DB Backups');
INSERT INTO `field_title` (`pages_id`, `data`) VALUES('1043', 'Manage database backups (recommended for superuser only)');
INSERT INTO `field_title` (`pages_id`, `data`) VALUES('1044', '1507232008 test');
INSERT INTO `field_title` (`pages_id`, `data`) VALUES('1045', 'Contact results');
INSERT INTO `field_title` (`pages_id`, `data`) VALUES('1046', '1507232808 Test 2');

DROP TABLE IF EXISTS `fieldgroups`;
CREATE TABLE `fieldgroups` (
  `id` int(10) unsigned NOT NULL AUTO_INCREMENT,
  `name` varchar(250) CHARACTER SET ascii NOT NULL,
  PRIMARY KEY (`id`),
  UNIQUE KEY `name` (`name`)
) ENGINE=MyISAM AUTO_INCREMENT=120 DEFAULT CHARSET=utf8;

INSERT INTO `fieldgroups` (`id`, `name`) VALUES('2', 'admin');
INSERT INTO `fieldgroups` (`id`, `name`) VALUES('3', 'user');
INSERT INTO `fieldgroups` (`id`, `name`) VALUES('4', 'role');
INSERT INTO `fieldgroups` (`id`, `name`) VALUES('5', 'permission');
INSERT INTO `fieldgroups` (`id`, `name`) VALUES('1', 'home');
INSERT INTO `fieldgroups` (`id`, `name`) VALUES('88', 'sitemap');
INSERT INTO `fieldgroups` (`id`, `name`) VALUES('83', 'basic-page');
INSERT INTO `fieldgroups` (`id`, `name`) VALUES('80', 'search');
INSERT INTO `fieldgroups` (`id`, `name`) VALUES('97', 'blog');
INSERT INTO `fieldgroups` (`id`, `name`) VALUES('98', 'blog-archives');
INSERT INTO `fieldgroups` (`id`, `name`) VALUES('99', 'blog-authors');
INSERT INTO `fieldgroups` (`id`, `name`) VALUES('100', 'blog-basic');
INSERT INTO `fieldgroups` (`id`, `name`) VALUES('101', 'blog-categories');
INSERT INTO `fieldgroups` (`id`, `name`) VALUES('102', 'blog-category');
INSERT INTO `fieldgroups` (`id`, `name`) VALUES('103', 'blog-comments');
INSERT INTO `fieldgroups` (`id`, `name`) VALUES('104', 'blog-links');
INSERT INTO `fieldgroups` (`id`, `name`) VALUES('105', 'blog-post');
INSERT INTO `fieldgroups` (`id`, `name`) VALUES('106', 'blog-recent-comments');
INSERT INTO `fieldgroups` (`id`, `name`) VALUES('107', 'blog-recent-posts');
INSERT INTO `fieldgroups` (`id`, `name`) VALUES('108', 'blog-recent-tweets');
INSERT INTO `fieldgroups` (`id`, `name`) VALUES('109', 'blog-tag');
INSERT INTO `fieldgroups` (`id`, `name`) VALUES('110', 'blog-tags');
INSERT INTO `fieldgroups` (`id`, `name`) VALUES('111', 'blog-widgets');
INSERT INTO `fieldgroups` (`id`, `name`) VALUES('112', 'blog-widget-basic');
INSERT INTO `fieldgroups` (`id`, `name`) VALUES('113', 'repeater_blog-links');
INSERT INTO `fieldgroups` (`id`, `name`) VALUES('114', 'blog-settings');
INSERT INTO `fieldgroups` (`id`, `name`) VALUES('115', 'about-page');
INSERT INTO `fieldgroups` (`id`, `name`) VALUES('116', 'simple_contact_form_messages');
INSERT INTO `fieldgroups` (`id`, `name`) VALUES('117', 'contact-page');
INSERT INTO `fieldgroups` (`id`, `name`) VALUES('119', 'member-page');

DROP TABLE IF EXISTS `fieldgroups_fields`;
CREATE TABLE `fieldgroups_fields` (
  `fieldgroups_id` int(10) unsigned NOT NULL DEFAULT '0',
  `fields_id` int(10) unsigned NOT NULL DEFAULT '0',
  `sort` int(11) unsigned NOT NULL DEFAULT '0',
  `data` text,
  PRIMARY KEY (`fieldgroups_id`,`fields_id`)
) ENGINE=MyISAM DEFAULT CHARSET=utf8;

INSERT INTO `fieldgroups_fields` (`fieldgroups_id`, `fields_id`, `sort`, `data`) VALUES('2', '2', '1', NULL);
INSERT INTO `fieldgroups_fields` (`fieldgroups_id`, `fields_id`, `sort`, `data`) VALUES('4', '5', '0', NULL);
INSERT INTO `fieldgroups_fields` (`fieldgroups_id`, `fields_id`, `sort`, `data`) VALUES('5', '1', '0', NULL);
INSERT INTO `fieldgroups_fields` (`fieldgroups_id`, `fields_id`, `sort`, `data`) VALUES('1', '78', '2', NULL);
INSERT INTO `fieldgroups_fields` (`fieldgroups_id`, `fields_id`, `sort`, `data`) VALUES('80', '1', '0', NULL);
INSERT INTO `fieldgroups_fields` (`fieldgroups_id`, `fields_id`, `sort`, `data`) VALUES('83', '76', '4', NULL);
INSERT INTO `fieldgroups_fields` (`fieldgroups_id`, `fields_id`, `sort`, `data`) VALUES('1', '114', '3', NULL);
INSERT INTO `fieldgroups_fields` (`fieldgroups_id`, `fields_id`, `sort`, `data`) VALUES('83', '78', '2', NULL);
INSERT INTO `fieldgroups_fields` (`fieldgroups_id`, `fields_id`, `sort`, `data`) VALUES('88', '1', '0', NULL);
INSERT INTO `fieldgroups_fields` (`fieldgroups_id`, `fields_id`, `sort`, `data`) VALUES('1', '115', '1', NULL);
INSERT INTO `fieldgroups_fields` (`fieldgroups_id`, `fields_id`, `sort`, `data`) VALUES('88', '115', '1', NULL);
INSERT INTO `fieldgroups_fields` (`fieldgroups_id`, `fields_id`, `sort`, `data`) VALUES('83', '82', '5', NULL);
INSERT INTO `fieldgroups_fields` (`fieldgroups_id`, `fields_id`, `sort`, `data`) VALUES('3', '97', '4', NULL);
INSERT INTO `fieldgroups_fields` (`fieldgroups_id`, `fields_id`, `sort`, `data`) VALUES('3', '108', '5', NULL);
INSERT INTO `fieldgroups_fields` (`fieldgroups_id`, `fields_id`, `sort`, `data`) VALUES('97', '115', '1', NULL);
INSERT INTO `fieldgroups_fields` (`fieldgroups_id`, `fields_id`, `sort`, `data`) VALUES('98', '1', '0', NULL);
INSERT INTO `fieldgroups_fields` (`fieldgroups_id`, `fields_id`, `sort`, `data`) VALUES('99', '1', '0', NULL);
INSERT INTO `fieldgroups_fields` (`fieldgroups_id`, `fields_id`, `sort`, `data`) VALUES('100', '1', '0', NULL);
INSERT INTO `fieldgroups_fields` (`fieldgroups_id`, `fields_id`, `sort`, `data`) VALUES('101', '1', '0', NULL);
INSERT INTO `fieldgroups_fields` (`fieldgroups_id`, `fields_id`, `sort`, `data`) VALUES('102', '1', '0', NULL);
INSERT INTO `fieldgroups_fields` (`fieldgroups_id`, `fields_id`, `sort`, `data`) VALUES('104', '1', '0', NULL);
INSERT INTO `fieldgroups_fields` (`fieldgroups_id`, `fields_id`, `sort`, `data`) VALUES('105', '98', '4', NULL);
INSERT INTO `fieldgroups_fields` (`fieldgroups_id`, `fields_id`, `sort`, `data`) VALUES('105', '115', '2', NULL);
INSERT INTO `fieldgroups_fields` (`fieldgroups_id`, `fields_id`, `sort`, `data`) VALUES('106', '1', '0', NULL);
INSERT INTO `fieldgroups_fields` (`fieldgroups_id`, `fields_id`, `sort`, `data`) VALUES('107', '1', '0', NULL);
INSERT INTO `fieldgroups_fields` (`fieldgroups_id`, `fields_id`, `sort`, `data`) VALUES('108', '110', '1', '{\"label\":\"Twitter Screen Name\"}');
INSERT INTO `fieldgroups_fields` (`fieldgroups_id`, `fields_id`, `sort`, `data`) VALUES('108', '1', '0', NULL);
INSERT INTO `fieldgroups_fields` (`fieldgroups_id`, `fields_id`, `sort`, `data`) VALUES('109', '1', '0', NULL);
INSERT INTO `fieldgroups_fields` (`fieldgroups_id`, `fields_id`, `sort`, `data`) VALUES('110', '1', '0', NULL);
INSERT INTO `fieldgroups_fields` (`fieldgroups_id`, `fields_id`, `sort`, `data`) VALUES('111', '1', '0', NULL);
INSERT INTO `fieldgroups_fields` (`fieldgroups_id`, `fields_id`, `sort`, `data`) VALUES('112', '1', '0', NULL);
INSERT INTO `fieldgroups_fields` (`fieldgroups_id`, `fields_id`, `sort`, `data`) VALUES('113', '107', '1', '{\"columnWidth\":50}');
INSERT INTO `fieldgroups_fields` (`fieldgroups_id`, `fields_id`, `sort`, `data`) VALUES('114', '106', '1', '{\"description\":\"You can use this (e.g. in the masthead) as a title for your blog.\",\"label\":\"Blog Title\"}');
INSERT INTO `fieldgroups_fields` (`fieldgroups_id`, `fields_id`, `sort`, `data`) VALUES('114', '111', '2', '{\"description\":\"An optional sentence or two of text that you can use as your blog\'s tagline.\",\"label\":\"Blog Tagline\"}');
INSERT INTO `fieldgroups_fields` (`fieldgroups_id`, `fields_id`, `sort`, `data`) VALUES('114', '110', '3', '{\"description\":\"You can use this for footer messages (e.g. copyright notice).\",\"label\":\"Footer\"}');
INSERT INTO `fieldgroups_fields` (`fieldgroups_id`, `fields_id`, `sort`, `data`) VALUES('114', '103', '4', '{\"label\":\"Quantity of posts to show on Blog homepage\"}');
INSERT INTO `fieldgroups_fields` (`fieldgroups_id`, `fields_id`, `sort`, `data`) VALUES('114', '113', '5', NULL);
INSERT INTO `fieldgroups_fields` (`fieldgroups_id`, `fields_id`, `sort`, `data`) VALUES('114', '1', '0', NULL);
INSERT INTO `fieldgroups_fields` (`fieldgroups_id`, `fields_id`, `sort`, `data`) VALUES('105', '104', '0', NULL);
INSERT INTO `fieldgroups_fields` (`fieldgroups_id`, `fields_id`, `sort`, `data`) VALUES('105', '116', '3', NULL);
INSERT INTO `fieldgroups_fields` (`fieldgroups_id`, `fields_id`, `sort`, `data`) VALUES('103', '106', '1', NULL);
INSERT INTO `fieldgroups_fields` (`fieldgroups_id`, `fields_id`, `sort`, `data`) VALUES('103', '103', '2', '{\"label\":\"Comments per page in Comments page\"}');
INSERT INTO `fieldgroups_fields` (`fieldgroups_id`, `fields_id`, `sort`, `data`) VALUES('103', '101', '3', '{\"description\":\"Comments are visible by default. Individual post\'s setting overrides what you specify here.\"}');
INSERT INTO `fieldgroups_fields` (`fieldgroups_id`, `fields_id`, `sort`, `data`) VALUES('103', '102', '4', NULL);
INSERT INTO `fieldgroups_fields` (`fieldgroups_id`, `fields_id`, `sort`, `data`) VALUES('106', '111', '1', '{\"label\":\"Widget Description\"}');
INSERT INTO `fieldgroups_fields` (`fieldgroups_id`, `fields_id`, `sort`, `data`) VALUES('106', '103', '2', '{\"label\":\"Total Comments to show in widget\"}');
INSERT INTO `fieldgroups_fields` (`fieldgroups_id`, `fields_id`, `sort`, `data`) VALUES('107', '111', '1', '{\"label\":\"Widget Description\"}');
INSERT INTO `fieldgroups_fields` (`fieldgroups_id`, `fields_id`, `sort`, `data`) VALUES('113', '106', '0', '{\"columnWidth\":50,\"label\":\"Website Title\"}');
INSERT INTO `fieldgroups_fields` (`fieldgroups_id`, `fields_id`, `sort`, `data`) VALUES('104', '109', '1', NULL);
INSERT INTO `fieldgroups_fields` (`fieldgroups_id`, `fields_id`, `sort`, `data`) VALUES('107', '103', '2', '{\"label\":\"Total Posts to show in widget\"}');
INSERT INTO `fieldgroups_fields` (`fieldgroups_id`, `fields_id`, `sort`, `data`) VALUES('112', '111', '1', '{\"label\":\"Widget Description\"}');
INSERT INTO `fieldgroups_fields` (`fieldgroups_id`, `fields_id`, `sort`, `data`) VALUES('3', '3', '1', NULL);
INSERT INTO `fieldgroups_fields` (`fieldgroups_id`, `fields_id`, `sort`, `data`) VALUES('3', '1', '0', '{\"label\":\"Display name (first and last name)\"}');
INSERT INTO `fieldgroups_fields` (`fieldgroups_id`, `fields_id`, `sort`, `data`) VALUES('2', '1', '0', NULL);
INSERT INTO `fieldgroups_fields` (`fieldgroups_id`, `fields_id`, `sort`, `data`) VALUES('83', '79', '3', NULL);
INSERT INTO `fieldgroups_fields` (`fieldgroups_id`, `fields_id`, `sort`, `data`) VALUES('103', '1', '0', NULL);
INSERT INTO `fieldgroups_fields` (`fieldgroups_id`, `fields_id`, `sort`, `data`) VALUES('88', '79', '2', NULL);
INSERT INTO `fieldgroups_fields` (`fieldgroups_id`, `fields_id`, `sort`, `data`) VALUES('105', '1', '1', NULL);
INSERT INTO `fieldgroups_fields` (`fieldgroups_id`, `fields_id`, `sort`, `data`) VALUES('1', '79', '4', NULL);
INSERT INTO `fieldgroups_fields` (`fieldgroups_id`, `fields_id`, `sort`, `data`) VALUES('1', '1', '0', NULL);
INSERT INTO `fieldgroups_fields` (`fieldgroups_id`, `fields_id`, `sort`, `data`) VALUES('105', '112', '8', NULL);
INSERT INTO `fieldgroups_fields` (`fieldgroups_id`, `fields_id`, `sort`, `data`) VALUES('83', '1', '0', NULL);
INSERT INTO `fieldgroups_fields` (`fieldgroups_id`, `fields_id`, `sort`, `data`) VALUES('97', '1', '0', NULL);
INSERT INTO `fieldgroups_fields` (`fieldgroups_id`, `fields_id`, `sort`, `data`) VALUES('102', '98', '1', NULL);
INSERT INTO `fieldgroups_fields` (`fieldgroups_id`, `fields_id`, `sort`, `data`) VALUES('104', '111', '2', '{\"label\":\"Widget Description\"}');
INSERT INTO `fieldgroups_fields` (`fieldgroups_id`, `fields_id`, `sort`, `data`) VALUES('105', '108', '5', NULL);
INSERT INTO `fieldgroups_fields` (`fieldgroups_id`, `fields_id`, `sort`, `data`) VALUES('105', '105', '6', NULL);
INSERT INTO `fieldgroups_fields` (`fieldgroups_id`, `fields_id`, `sort`, `data`) VALUES('105', '99', '7', NULL);
INSERT INTO `fieldgroups_fields` (`fieldgroups_id`, `fields_id`, `sort`, `data`) VALUES('108', '111', '2', '{\"label\":\"Widget Description\"}');
INSERT INTO `fieldgroups_fields` (`fieldgroups_id`, `fields_id`, `sort`, `data`) VALUES('108', '103', '3', '{\"label\":\"Total Tweets to show in widget\"}');
INSERT INTO `fieldgroups_fields` (`fieldgroups_id`, `fields_id`, `sort`, `data`) VALUES('1', '76', '5', NULL);
INSERT INTO `fieldgroups_fields` (`fieldgroups_id`, `fields_id`, `sort`, `data`) VALUES('3', '92', '2', NULL);
INSERT INTO `fieldgroups_fields` (`fieldgroups_id`, `fields_id`, `sort`, `data`) VALUES('83', '115', '1', NULL);
INSERT INTO `fieldgroups_fields` (`fieldgroups_id`, `fields_id`, `sort`, `data`) VALUES('97', '98', '2', NULL);
INSERT INTO `fieldgroups_fields` (`fieldgroups_id`, `fields_id`, `sort`, `data`) VALUES('3', '4', '3', NULL);
INSERT INTO `fieldgroups_fields` (`fieldgroups_id`, `fields_id`, `sort`, `data`) VALUES('1', '82', '6', NULL);
INSERT INTO `fieldgroups_fields` (`fieldgroups_id`, `fields_id`, `sort`, `data`) VALUES('115', '79', '3', NULL);
INSERT INTO `fieldgroups_fields` (`fieldgroups_id`, `fields_id`, `sort`, `data`) VALUES('115', '1', '0', NULL);
INSERT INTO `fieldgroups_fields` (`fieldgroups_id`, `fields_id`, `sort`, `data`) VALUES('115', '78', '2', NULL);
INSERT INTO `fieldgroups_fields` (`fieldgroups_id`, `fields_id`, `sort`, `data`) VALUES('115', '115', '1', NULL);
INSERT INTO `fieldgroups_fields` (`fieldgroups_id`, `fields_id`, `sort`, `data`) VALUES('116', '119', '2', NULL);
INSERT INTO `fieldgroups_fields` (`fieldgroups_id`, `fields_id`, `sort`, `data`) VALUES('116', '118', '1', NULL);
INSERT INTO `fieldgroups_fields` (`fieldgroups_id`, `fields_id`, `sort`, `data`) VALUES('117', '79', '3', NULL);
INSERT INTO `fieldgroups_fields` (`fieldgroups_id`, `fields_id`, `sort`, `data`) VALUES('117', '1', '0', NULL);
INSERT INTO `fieldgroups_fields` (`fieldgroups_id`, `fields_id`, `sort`, `data`) VALUES('117', '78', '2', NULL);
INSERT INTO `fieldgroups_fields` (`fieldgroups_id`, `fields_id`, `sort`, `data`) VALUES('117', '115', '1', NULL);
INSERT INTO `fieldgroups_fields` (`fieldgroups_id`, `fields_id`, `sort`, `data`) VALUES('116', '1', '0', NULL);
INSERT INTO `fieldgroups_fields` (`fieldgroups_id`, `fields_id`, `sort`, `data`) VALUES('119', '78', '3', NULL);
INSERT INTO `fieldgroups_fields` (`fieldgroups_id`, `fields_id`, `sort`, `data`) VALUES('119', '1', '0', NULL);
INSERT INTO `fieldgroups_fields` (`fieldgroups_id`, `fields_id`, `sort`, `data`) VALUES('119', '125', '2', NULL);
INSERT INTO `fieldgroups_fields` (`fieldgroups_id`, `fields_id`, `sort`, `data`) VALUES('119', '115', '1', NULL);
INSERT INTO `fieldgroups_fields` (`fieldgroups_id`, `fields_id`, `sort`, `data`) VALUES('115', '76', '4', NULL);
INSERT INTO `fieldgroups_fields` (`fieldgroups_id`, `fields_id`, `sort`, `data`) VALUES('115', '82', '5', NULL);
INSERT INTO `fieldgroups_fields` (`fieldgroups_id`, `fields_id`, `sort`, `data`) VALUES('115', '44', '6', NULL);
INSERT INTO `fieldgroups_fields` (`fieldgroups_id`, `fields_id`, `sort`, `data`) VALUES('83', '44', '6', NULL);
INSERT INTO `fieldgroups_fields` (`fieldgroups_id`, `fields_id`, `sort`, `data`) VALUES('105', '101', '9', '{\"description\":\"Comments are visible by default. This setting overrides the global setting.\"}');
INSERT INTO `fieldgroups_fields` (`fieldgroups_id`, `fields_id`, `sort`, `data`) VALUES('105', '100', '10', NULL);
INSERT INTO `fieldgroups_fields` (`fieldgroups_id`, `fields_id`, `sort`, `data`) VALUES('117', '76', '4', NULL);
INSERT INTO `fieldgroups_fields` (`fieldgroups_id`, `fields_id`, `sort`, `data`) VALUES('117', '82', '5', NULL);
INSERT INTO `fieldgroups_fields` (`fieldgroups_id`, `fields_id`, `sort`, `data`) VALUES('117', '44', '6', NULL);
INSERT INTO `fieldgroups_fields` (`fieldgroups_id`, `fields_id`, `sort`, `data`) VALUES('1', '44', '7', NULL);
INSERT INTO `fieldgroups_fields` (`fieldgroups_id`, `fields_id`, `sort`, `data`) VALUES('119', '79', '4', NULL);
INSERT INTO `fieldgroups_fields` (`fieldgroups_id`, `fields_id`, `sort`, `data`) VALUES('119', '76', '5', NULL);
INSERT INTO `fieldgroups_fields` (`fieldgroups_id`, `fields_id`, `sort`, `data`) VALUES('119', '82', '6', NULL);
INSERT INTO `fieldgroups_fields` (`fieldgroups_id`, `fields_id`, `sort`, `data`) VALUES('119', '44', '7', NULL);
INSERT INTO `fieldgroups_fields` (`fieldgroups_id`, `fields_id`, `sort`, `data`) VALUES('116', '120', '3', NULL);
INSERT INTO `fieldgroups_fields` (`fieldgroups_id`, `fields_id`, `sort`, `data`) VALUES('116', '117', '4', NULL);
INSERT INTO `fieldgroups_fields` (`fieldgroups_id`, `fields_id`, `sort`, `data`) VALUES('3', '98', '6', '{\"label\":\"Biography\"}');

DROP TABLE IF EXISTS `fields`;
CREATE TABLE `fields` (
  `id` int(10) unsigned NOT NULL AUTO_INCREMENT,
  `type` varchar(128) CHARACTER SET ascii NOT NULL,
  `name` varchar(250) CHARACTER SET ascii NOT NULL,
  `flags` int(11) NOT NULL DEFAULT '0',
  `label` varchar(250) NOT NULL DEFAULT '',
  `data` text NOT NULL,
  PRIMARY KEY (`id`),
  UNIQUE KEY `name` (`name`),
  KEY `type` (`type`)
) ENGINE=MyISAM AUTO_INCREMENT=126 DEFAULT CHARSET=utf8;

INSERT INTO `fields` (`id`, `type`, `name`, `flags`, `label`, `data`) VALUES('1', 'FieldtypePageTitle', 'title', '13', 'Title', '{\"required\":1,\"textformatters\":[\"TextformatterEntities\"],\"size\":0,\"maxlength\":255}');
INSERT INTO `fields` (`id`, `type`, `name`, `flags`, `label`, `data`) VALUES('2', 'FieldtypeModule', 'process', '25', 'Process', '{\"description\":\"The process that is executed on this page. Since this is mostly used by ProcessWire internally, it is recommended that you don\'t change the value of this unless adding your own pages in the admin.\",\"collapsed\":1,\"required\":1,\"moduleTypes\":[\"Process\"],\"permanent\":1}');
INSERT INTO `fields` (`id`, `type`, `name`, `flags`, `label`, `data`) VALUES('3', 'FieldtypePassword', 'pass', '24', 'Set Password', '{\"collapsed\":1,\"size\":50,\"maxlength\":128}');
INSERT INTO `fields` (`id`, `type`, `name`, `flags`, `label`, `data`) VALUES('5', 'FieldtypePage', 'permissions', '24', 'Permissions', '{\"derefAsPage\":0,\"parent_id\":31,\"labelFieldName\":\"title\",\"inputfield\":\"InputfieldCheckboxes\"}');
INSERT INTO `fields` (`id`, `type`, `name`, `flags`, `label`, `data`) VALUES('4', 'FieldtypePage', 'roles', '24', 'Roles', '{\"derefAsPage\":0,\"parent_id\":30,\"labelFieldName\":\"name\",\"inputfield\":\"InputfieldCheckboxes\",\"description\":\"User will inherit the permissions assigned to each role. You may assign multiple roles to a user. When accessing a page, the user will only inherit permissions from the roles that are also assigned to the page\'s template.\"}');
INSERT INTO `fields` (`id`, `type`, `name`, `flags`, `label`, `data`) VALUES('92', 'FieldtypeEmail', 'email', '9', 'E-Mail Address', '{\"size\":70,\"maxlength\":255}');
INSERT INTO `fields` (`id`, `type`, `name`, `flags`, `label`, `data`) VALUES('82', 'FieldtypeTextarea', 'sidebar', '0', 'Sidebar', '{\"inputfieldClass\":\"InputfieldCKEditor\",\"rows\":5,\"contentType\":1,\"toolbar\":\"Format, Bold, Italic, -, RemoveFormat\\r\\nNumberedList, BulletedList, -, Blockquote\\r\\nPWLink, Unlink, Anchor\\r\\nPWImage, Table, HorizontalRule, SpecialChar\\r\\nPasteText, PasteFromWord\\r\\nScayt, -, Sourcedialog\",\"inlineMode\":0,\"useACF\":1,\"usePurifier\":1,\"formatTags\":\"p;h2;h3;h4;h5;h6;pre;address\",\"extraPlugins\":[\"pwimage\",\"pwlink\",\"sourcedialog\"],\"removePlugins\":\"image,magicline\",\"toggles\":[2,4,8],\"collapsed\":2}');
INSERT INTO `fields` (`id`, `type`, `name`, `flags`, `label`, `data`) VALUES('44', 'FieldtypeImage', 'images', '0', 'Images', '{\"extensions\":\"gif jpg jpeg png\",\"adminThumbs\":1,\"inputfieldClass\":\"InputfieldImage\",\"maxFiles\":0,\"descriptionRows\":1,\"fileSchema\":2,\"textformatters\":[\"TextformatterEntities\"],\"outputFormat\":1,\"defaultValuePage\":0,\"defaultGrid\":0,\"icon\":\"camera\"}');
INSERT INTO `fields` (`id`, `type`, `name`, `flags`, `label`, `data`) VALUES('79', 'FieldtypeTextarea', 'summary', '1', 'Summary', '{\"textformatters\":[\"TextformatterEntities\"],\"inputfieldClass\":\"InputfieldTextarea\",\"collapsed\":2,\"rows\":3,\"contentType\":0}');
INSERT INTO `fields` (`id`, `type`, `name`, `flags`, `label`, `data`) VALUES('76', 'FieldtypeTextarea', 'body', '0', 'Body', '{\"inputfieldClass\":\"InputfieldCKEditor\",\"rows\":10,\"contentType\":1,\"toolbar\":\"Format, Bold, Italic, -, RemoveFormat\\r\\nNumberedList, BulletedList, -, Blockquote\\r\\nPWLink, Unlink, Anchor\\r\\nPWImage, Table, HorizontalRule, SpecialChar\\r\\nPasteText, PasteFromWord\\r\\nScayt, -, Sourcedialog\",\"inlineMode\":0,\"useACF\":1,\"usePurifier\":1,\"formatTags\":\"p;h2;h3;h4;h5;h6;pre;address\",\"extraPlugins\":[\"pwimage\",\"pwlink\",\"sourcedialog\"],\"removePlugins\":\"image,magicline\",\"toggles\":[2,4,8]}');
INSERT INTO `fields` (`id`, `type`, `name`, `flags`, `label`, `data`) VALUES('78', 'FieldtypeText', 'headline', '0', 'Headline', '{\"description\":\"Use this instead of the Title if a longer headline is needed than what you want to appear in navigation.\",\"textformatters\":[\"TextformatterEntities\"],\"collapsed\":2,\"size\":0,\"maxlength\":1024}');
INSERT INTO `fields` (`id`, `type`, `name`, `flags`, `label`, `data`) VALUES('97', 'FieldtypeModule', 'admin_theme', '8', 'Admin Theme', '{\"moduleTypes\":[\"AdminTheme\"],\"labelField\":\"title\",\"inputfieldClass\":\"InputfieldRadios\"}');
INSERT INTO `fields` (`id`, `type`, `name`, `flags`, `label`, `data`) VALUES('98', 'FieldtypeTextarea', 'blog_body', '0', 'Body', '{\"rows\":10,\"inputfieldClass\":\"InputfieldCKEditor\",\"tags\":\"-blog\"}');
INSERT INTO `fields` (`id`, `type`, `name`, `flags`, `label`, `data`) VALUES('99', 'FieldtypePage', 'blog_categories', '0', 'Categories', '{\"description\":\"Select one or more categories below and drag to sort them in order of relevance. If you want a category that doesn\'t already exist, create a new one.\",\"tags\":\"-blog\",\"parent_id\":1021,\"template_id\":48,\"labelFieldName\":\"title\",\"addable\":1,\"derefAsPage\":0,\"inputfield\":\"InputfieldAsmSelect\"}');
INSERT INTO `fields` (`id`, `type`, `name`, `flags`, `label`, `data`) VALUES('100', 'FieldtypeComments', 'blog_comments', '0', 'Comments', '{\"collapsed\":2,\"deleteSpamDays\":3,\"moderate\":2,\"tags\":\"-blog\",\"schemaVersion\":6}');
INSERT INTO `fields` (`id`, `type`, `name`, `flags`, `label`, `data`) VALUES('101', 'FieldtypePage', 'blog_comments_view', '0', 'Comments visibility', '{\"tags\":\"-blog\",\"derefAsPage\":1,\"findPagesCode\":\"return $page->path == \\\"\\/blog\\/comments\\/\\\" ? $pages->get(1023)->children(\\\"id!=1030\\\") : $pages->get(1023)->children();\",\"labelFieldName\":\"title\",\"inputfield\":\"InputfieldSelect\"}');
INSERT INTO `fields` (`id`, `type`, `name`, `flags`, `label`, `data`) VALUES('102', 'FieldtypeInteger', 'blog_comments_max', '1', 'Maximum comments allowed per post', '{\"tags\":\"-blog\"}');
INSERT INTO `fields` (`id`, `type`, `name`, `flags`, `label`, `data`) VALUES('103', 'FieldtypeInteger', 'blog_quantity', '1', 'Quantity of items to show', '{\"tags\":\"-blog\"}');
INSERT INTO `fields` (`id`, `type`, `name`, `flags`, `label`, `data`) VALUES('104', 'FieldtypeDatetime', 'blog_date', '1', 'Date', '{\"description\":\"This field will be automatically filled with the current time and date when your post is published. Unpublishing your post will not change the date. You can do so manually.\",\"dateOutputFormat\":\"j F Y g:i a\",\"dateInputFormat\":\"j F Y\",\"timeInputFormat\":\"g:i a\",\"datepicker\":3,\"size\":30,\"defaultToday\":0,\"tags\":\"-blog\"}');
INSERT INTO `fields` (`id`, `type`, `name`, `flags`, `label`, `data`) VALUES('105', 'FieldtypeFile', 'blog_files', '0', 'Files', '{\"collapsed\":2,\"entityEncode\":1,\"extensions\":\"pdf doc docx xls xlsx gif jpg jpeg png mp3 wav\",\"tags\":\"-blog\",\"fileSchema\":2}');
INSERT INTO `fields` (`id`, `type`, `name`, `flags`, `label`, `data`) VALUES('106', 'FieldtypeText', 'blog_headline', '0', 'Headline', '{\"textformatters\":[\"TextformatterEntities\"],\"collapsed\":2,\"maxlength\":1024,\"tags\":\"-blog\"}');
INSERT INTO `fields` (`id`, `type`, `name`, `flags`, `label`, `data`) VALUES('107', 'FieldtypeURL', 'blog_href', '1', 'Website URL', '{\"maxlength\":1024,\"tags\":\"-blog\"}');
INSERT INTO `fields` (`id`, `type`, `name`, `flags`, `label`, `data`) VALUES('108', 'FieldtypeImage', 'blog_images', '0', 'Images', '{\"collapsed\":2,\"entityEncode\":1,\"extensions\":\"gif jpg jpeg png\",\"adminThumbs\":1,\"tags\":\"-blog\",\"fileSchema\":2}');
INSERT INTO `fields` (`id`, `type`, `name`, `flags`, `label`, `data`) VALUES('109', 'FieldtypeRepeater', 'blog_links', '0', 'Links', '{\"tags\":\"-blog\",\"parent_id\":1018,\"template_id\":59,\"repeaterReadyItems\":3,\"repeaterFields\":[106,107]}');
INSERT INTO `fields` (`id`, `type`, `name`, `flags`, `label`, `data`) VALUES('110', 'FieldtypeText', 'blog_note', '1', 'Note', '{\"textformatters\":[\"TextformatterEntities\"],\"maxlength\":1024,\"tags\":\"-blog\"}');
INSERT INTO `fields` (`id`, `type`, `name`, `flags`, `label`, `data`) VALUES('111', 'FieldtypeTextarea', 'blog_summary', '1', 'Summary', '{\"textformatters\":[\"TextformatterEntities\"],\"collapsed\":2,\"rows\":3,\"tags\":\"-blog\"}');
INSERT INTO `fields` (`id`, `type`, `name`, `flags`, `label`, `data`) VALUES('112', 'FieldtypePage', 'blog_tags', '0', 'Tags', '{\"tags\":\"-blog\",\"parent_id\":1022,\"template_id\":55,\"addable\":1,\"derefAsPage\":0,\"labelFieldName\":\"title\",\"operator\":\"%=\",\"searchFields\":\"title\",\"inputfield\":\"InputfieldPageAutocomplete\"}');
INSERT INTO `fields` (`id`, `type`, `name`, `flags`, `label`, `data`) VALUES('113', 'FieldtypeInteger', 'blog_small', '1', 'Posts truncate length', '{\"tags\":\"-blog\"}');
INSERT INTO `fields` (`id`, `type`, `name`, `flags`, `label`, `data`) VALUES('114', 'FieldtypePage', 'cta_block', '0', 'Call-to-action blocks', '{\"description\":\"Make 3 call to action blocks on the homepage\",\"derefAsPage\":0,\"inputfield\":\"InputfieldPageListSelectMultiple\",\"parent_id\":0,\"labelFieldName\":\"title\",\"collapsed\":0,\"size\":10}');
INSERT INTO `fields` (`id`, `type`, `name`, `flags`, `label`, `data`) VALUES('115', 'FieldtypeImage', 'thumb', '0', 'Thumbnail', '{\"description\":\"Add a thumbnail to a page\",\"textformatters\":[\"TextformatterEntities\"],\"extensions\":\"gif jpg jpeg png\",\"maxFiles\":1,\"outputFormat\":0,\"defaultValuePage\":0,\"inputfieldClass\":\"InputfieldImage\",\"descriptionRows\":1,\"gridMode\":\"grid\",\"maxReject\":0,\"dimensionsByAspectRatio\":0,\"fileSchema\":2,\"collapsed\":0}');
INSERT INTO `fields` (`id`, `type`, `name`, `flags`, `label`, `data`) VALUES('116', 'FieldtypeText', 'blog_short', '0', 'Short intro', '{\"description\":\"Add a short intro text for the post.\",\"textformatters\":[\"TextformatterEntities\"],\"collapsed\":0,\"minlength\":0,\"maxlength\":2048,\"showCount\":0,\"size\":0}');
INSERT INTO `fields` (`id`, `type`, `name`, `flags`, `label`, `data`) VALUES('117', 'FieldtypeCheckbox', 'scf_spamIp', '0', 'Add IP to spam list', '{\"value\":1,\"description\":\"If you activate this checkbox, further contact requests from this ip address will be treated as spam.\",\"columnWidth\":25}');
INSERT INTO `fields` (`id`, `type`, `name`, `flags`, `label`, `data`) VALUES('118', 'FieldtypeDatetime', 'scf_date', '0', 'Creation date', '{\"datepicker\":1,\"dateInputFormat\":\"Y\\/m\\/d\",\"timeInputFormat\":\"H:i\",\"dateOutputFormat\":\"Y\\/m\\/d\",\"timeOutputFormat\":\"H:i\",\"columnWidth\":25}');
INSERT INTO `fields` (`id`, `type`, `name`, `flags`, `label`, `data`) VALUES('119', 'FieldtypeText', 'scf_ip', '0', 'IP address', '{\"columnWidth\":25}');
INSERT INTO `fields` (`id`, `type`, `name`, `flags`, `label`, `data`) VALUES('120', 'FieldtypeText', 'scf_Name', '0', 'SCF - Name', '{\"tags\":\"scf\",\"columnWidth\":25}');
INSERT INTO `fields` (`id`, `type`, `name`, `flags`, `label`, `data`) VALUES('121', 'FieldtypeText', 'contact_name', '0', 'Name', '{\"textformatters\":[\"TextformatterEntities\"],\"collapsed\":0,\"minlength\":0,\"maxlength\":2048,\"showCount\":0,\"size\":0}');
INSERT INTO `fields` (`id`, `type`, `name`, `flags`, `label`, `data`) VALUES('122', 'FieldtypeEmail', 'contact_email', '0', 'E-mail', '{\"textformatters\":[\"TextformatterEntities\"],\"collapsed\":0,\"minlength\":0,\"maxlength\":512,\"showCount\":0,\"size\":0}');
INSERT INTO `fields` (`id`, `type`, `name`, `flags`, `label`, `data`) VALUES('123', 'FieldtypeText', 'contact_subject', '0', 'Subject', '{\"textformatters\":[\"TextformatterEntities\"],\"collapsed\":0,\"minlength\":0,\"maxlength\":2048,\"showCount\":0,\"size\":0}');
INSERT INTO `fields` (`id`, `type`, `name`, `flags`, `label`, `data`) VALUES('124', 'FieldtypeTextarea', 'contact_message', '0', 'Message', '{\"textformatters\":[\"TextformatterEntities\"],\"inputfieldClass\":\"InputfieldTextarea\",\"contentType\":0,\"collapsed\":0,\"minlength\":0,\"maxlength\":0,\"showCount\":0,\"rows\":5}');
INSERT INTO `fields` (`id`, `type`, `name`, `flags`, `label`, `data`) VALUES('125', 'FieldtypeText', 'team_member', '0', 'Team member function', '{\"textformatters\":[\"TextformatterEntities\"],\"collapsed\":0,\"minlength\":0,\"maxlength\":2048,\"showCount\":0,\"size\":0}');

DROP TABLE IF EXISTS `fieldtype_options`;
CREATE TABLE `fieldtype_options` (
  `fields_id` int(10) unsigned NOT NULL,
  `option_id` int(10) unsigned NOT NULL,
  `title` text,
  `value` varchar(250) DEFAULT NULL,
  `sort` int(10) unsigned NOT NULL,
  PRIMARY KEY (`fields_id`,`option_id`),
  UNIQUE KEY `title` (`title`(250),`fields_id`),
  KEY `value` (`value`,`fields_id`),
  KEY `sort` (`sort`,`fields_id`),
  FULLTEXT KEY `title_value` (`title`,`value`)
) ENGINE=MyISAM DEFAULT CHARSET=utf8;


DROP TABLE IF EXISTS `modules`;
CREATE TABLE `modules` (
  `id` int(10) unsigned NOT NULL AUTO_INCREMENT,
  `class` varchar(128) CHARACTER SET ascii NOT NULL,
  `flags` int(11) NOT NULL DEFAULT '0',
  `data` text NOT NULL,
  `created` timestamp NOT NULL DEFAULT CURRENT_TIMESTAMP,
  PRIMARY KEY (`id`),
  UNIQUE KEY `class` (`class`)
) ENGINE=MyISAM AUTO_INCREMENT=173 DEFAULT CHARSET=utf8;

INSERT INTO `modules` (`id`, `class`, `flags`, `data`, `created`) VALUES('1', 'FieldtypeTextarea', '0', '', '2017-10-04 20:00:18');
INSERT INTO `modules` (`id`, `class`, `flags`, `data`, `created`) VALUES('2', 'FieldtypeNumber', '0', '', '2017-10-04 20:00:18');
INSERT INTO `modules` (`id`, `class`, `flags`, `data`, `created`) VALUES('3', 'FieldtypeText', '0', '', '2017-10-04 20:00:18');
INSERT INTO `modules` (`id`, `class`, `flags`, `data`, `created`) VALUES('4', 'FieldtypePage', '0', '', '2017-10-04 20:00:18');
INSERT INTO `modules` (`id`, `class`, `flags`, `data`, `created`) VALUES('30', 'InputfieldForm', '0', '', '2017-10-04 20:00:18');
INSERT INTO `modules` (`id`, `class`, `flags`, `data`, `created`) VALUES('6', 'FieldtypeFile', '0', '', '2017-10-04 20:00:18');
INSERT INTO `modules` (`id`, `class`, `flags`, `data`, `created`) VALUES('7', 'ProcessPageEdit', '1', '', '2017-10-04 20:00:18');
INSERT INTO `modules` (`id`, `class`, `flags`, `data`, `created`) VALUES('10', 'ProcessLogin', '0', '', '2017-10-04 20:00:18');
INSERT INTO `modules` (`id`, `class`, `flags`, `data`, `created`) VALUES('12', 'ProcessPageList', '0', '{\"pageLabelField\":\"title\",\"paginationLimit\":25,\"limit\":50}', '2017-10-04 20:00:18');
INSERT INTO `modules` (`id`, `class`, `flags`, `data`, `created`) VALUES('121', 'ProcessPageEditLink', '1', '', '2017-10-04 20:00:18');
INSERT INTO `modules` (`id`, `class`, `flags`, `data`, `created`) VALUES('14', 'ProcessPageSort', '0', '', '2017-10-04 20:00:18');
INSERT INTO `modules` (`id`, `class`, `flags`, `data`, `created`) VALUES('15', 'InputfieldPageListSelect', '0', '', '2017-10-04 20:00:18');
INSERT INTO `modules` (`id`, `class`, `flags`, `data`, `created`) VALUES('117', 'JqueryUI', '1', '', '2017-10-04 20:00:18');
INSERT INTO `modules` (`id`, `class`, `flags`, `data`, `created`) VALUES('17', 'ProcessPageAdd', '0', '{\"shortcutSort\":[48,55],\"bookmarks\":{\"_0\":[1]}}', '2017-10-04 20:00:18');
INSERT INTO `modules` (`id`, `class`, `flags`, `data`, `created`) VALUES('125', 'SessionLoginThrottle', '11', '', '2017-10-04 20:00:18');
INSERT INTO `modules` (`id`, `class`, `flags`, `data`, `created`) VALUES('122', 'InputfieldPassword', '0', '', '2017-10-04 20:00:18');
INSERT INTO `modules` (`id`, `class`, `flags`, `data`, `created`) VALUES('25', 'InputfieldAsmSelect', '0', '', '2017-10-04 20:00:18');
INSERT INTO `modules` (`id`, `class`, `flags`, `data`, `created`) VALUES('116', 'JqueryCore', '1', '', '2017-10-04 20:00:18');
INSERT INTO `modules` (`id`, `class`, `flags`, `data`, `created`) VALUES('27', 'FieldtypeModule', '0', '', '2017-10-04 20:00:18');
INSERT INTO `modules` (`id`, `class`, `flags`, `data`, `created`) VALUES('28', 'FieldtypeDatetime', '0', '', '2017-10-04 20:00:18');
INSERT INTO `modules` (`id`, `class`, `flags`, `data`, `created`) VALUES('29', 'FieldtypeEmail', '0', '', '2017-10-04 20:00:18');
INSERT INTO `modules` (`id`, `class`, `flags`, `data`, `created`) VALUES('108', 'InputfieldURL', '0', '', '2017-10-04 20:00:18');
INSERT INTO `modules` (`id`, `class`, `flags`, `data`, `created`) VALUES('32', 'InputfieldSubmit', '0', '', '2017-10-04 20:00:18');
INSERT INTO `modules` (`id`, `class`, `flags`, `data`, `created`) VALUES('33', 'InputfieldWrapper', '0', '', '2017-10-04 20:00:18');
INSERT INTO `modules` (`id`, `class`, `flags`, `data`, `created`) VALUES('34', 'InputfieldText', '0', '', '2017-10-04 20:00:18');
INSERT INTO `modules` (`id`, `class`, `flags`, `data`, `created`) VALUES('35', 'InputfieldTextarea', '0', '', '2017-10-04 20:00:18');
INSERT INTO `modules` (`id`, `class`, `flags`, `data`, `created`) VALUES('36', 'InputfieldSelect', '0', '', '2017-10-04 20:00:18');
INSERT INTO `modules` (`id`, `class`, `flags`, `data`, `created`) VALUES('37', 'InputfieldCheckbox', '0', '', '2017-10-04 20:00:18');
INSERT INTO `modules` (`id`, `class`, `flags`, `data`, `created`) VALUES('38', 'InputfieldCheckboxes', '0', '', '2017-10-04 20:00:18');
INSERT INTO `modules` (`id`, `class`, `flags`, `data`, `created`) VALUES('39', 'InputfieldRadios', '0', '', '2017-10-04 20:00:18');
INSERT INTO `modules` (`id`, `class`, `flags`, `data`, `created`) VALUES('40', 'InputfieldHidden', '0', '', '2017-10-04 20:00:18');
INSERT INTO `modules` (`id`, `class`, `flags`, `data`, `created`) VALUES('41', 'InputfieldName', '0', '', '2017-10-04 20:00:18');
INSERT INTO `modules` (`id`, `class`, `flags`, `data`, `created`) VALUES('43', 'InputfieldSelectMultiple', '0', '', '2017-10-04 20:00:18');
INSERT INTO `modules` (`id`, `class`, `flags`, `data`, `created`) VALUES('45', 'JqueryWireTabs', '0', '', '2017-10-04 20:00:18');
INSERT INTO `modules` (`id`, `class`, `flags`, `data`, `created`) VALUES('46', 'ProcessPage', '0', '', '2017-10-04 20:00:18');
INSERT INTO `modules` (`id`, `class`, `flags`, `data`, `created`) VALUES('47', 'ProcessTemplate', '0', '', '2017-10-04 20:00:18');
INSERT INTO `modules` (`id`, `class`, `flags`, `data`, `created`) VALUES('48', 'ProcessField', '32', '', '2017-10-04 20:00:18');
INSERT INTO `modules` (`id`, `class`, `flags`, `data`, `created`) VALUES('50', 'ProcessModule', '0', '', '2017-10-04 20:00:18');
INSERT INTO `modules` (`id`, `class`, `flags`, `data`, `created`) VALUES('114', 'PagePermissions', '3', '', '2017-10-04 20:00:18');
INSERT INTO `modules` (`id`, `class`, `flags`, `data`, `created`) VALUES('97', 'FieldtypeCheckbox', '1', '', '2017-10-04 20:00:18');
INSERT INTO `modules` (`id`, `class`, `flags`, `data`, `created`) VALUES('115', 'PageRender', '3', '{\"clearCache\":1}', '2017-10-04 20:00:18');
INSERT INTO `modules` (`id`, `class`, `flags`, `data`, `created`) VALUES('55', 'InputfieldFile', '0', '', '2017-10-04 20:00:18');
INSERT INTO `modules` (`id`, `class`, `flags`, `data`, `created`) VALUES('56', 'InputfieldImage', '0', '', '2017-10-04 20:00:18');
INSERT INTO `modules` (`id`, `class`, `flags`, `data`, `created`) VALUES('57', 'FieldtypeImage', '0', '', '2017-10-04 20:00:18');
INSERT INTO `modules` (`id`, `class`, `flags`, `data`, `created`) VALUES('60', 'InputfieldPage', '0', '{\"inputfieldClasses\":[\"InputfieldSelect\",\"InputfieldSelectMultiple\",\"InputfieldCheckboxes\",\"InputfieldRadios\",\"InputfieldAsmSelect\",\"InputfieldPageListSelect\",\"InputfieldPageListSelectMultiple\",\"InputfieldPageAutocomplete\"]}', '2017-10-04 20:00:18');
INSERT INTO `modules` (`id`, `class`, `flags`, `data`, `created`) VALUES('61', 'TextformatterEntities', '0', '', '2017-10-04 20:00:18');
INSERT INTO `modules` (`id`, `class`, `flags`, `data`, `created`) VALUES('66', 'ProcessUser', '0', '{\"showFields\":[\"name\",\"email\",\"roles\"]}', '2017-10-04 20:00:18');
INSERT INTO `modules` (`id`, `class`, `flags`, `data`, `created`) VALUES('67', 'MarkupAdminDataTable', '0', '', '2017-10-04 20:00:18');
INSERT INTO `modules` (`id`, `class`, `flags`, `data`, `created`) VALUES('68', 'ProcessRole', '0', '{\"showFields\":[\"name\"]}', '2017-10-04 20:00:18');
INSERT INTO `modules` (`id`, `class`, `flags`, `data`, `created`) VALUES('76', 'ProcessList', '0', '', '2017-10-04 20:00:18');
INSERT INTO `modules` (`id`, `class`, `flags`, `data`, `created`) VALUES('78', 'InputfieldFieldset', '0', '', '2017-10-04 20:00:18');
INSERT INTO `modules` (`id`, `class`, `flags`, `data`, `created`) VALUES('79', 'InputfieldMarkup', '0', '', '2017-10-04 20:00:18');
INSERT INTO `modules` (`id`, `class`, `flags`, `data`, `created`) VALUES('80', 'InputfieldEmail', '0', '', '2017-10-04 20:00:18');
INSERT INTO `modules` (`id`, `class`, `flags`, `data`, `created`) VALUES('89', 'FieldtypeFloat', '1', '', '2017-10-04 20:00:18');
INSERT INTO `modules` (`id`, `class`, `flags`, `data`, `created`) VALUES('83', 'ProcessPageView', '0', '', '2017-10-04 20:00:18');
INSERT INTO `modules` (`id`, `class`, `flags`, `data`, `created`) VALUES('84', 'FieldtypeInteger', '0', '', '2017-10-04 20:00:18');
INSERT INTO `modules` (`id`, `class`, `flags`, `data`, `created`) VALUES('85', 'InputfieldInteger', '0', '', '2017-10-04 20:00:18');
INSERT INTO `modules` (`id`, `class`, `flags`, `data`, `created`) VALUES('86', 'InputfieldPageName', '0', '', '2017-10-04 20:00:18');
INSERT INTO `modules` (`id`, `class`, `flags`, `data`, `created`) VALUES('87', 'ProcessHome', '0', '', '2017-10-04 20:00:18');
INSERT INTO `modules` (`id`, `class`, `flags`, `data`, `created`) VALUES('90', 'InputfieldFloat', '0', '', '2017-10-04 20:00:18');
INSERT INTO `modules` (`id`, `class`, `flags`, `data`, `created`) VALUES('94', 'InputfieldDatetime', '0', '', '2017-10-04 20:00:18');
INSERT INTO `modules` (`id`, `class`, `flags`, `data`, `created`) VALUES('98', 'MarkupPagerNav', '0', '', '2017-10-04 20:00:18');
INSERT INTO `modules` (`id`, `class`, `flags`, `data`, `created`) VALUES('129', 'ProcessPageEditImageSelect', '1', '', '2017-10-04 20:00:18');
INSERT INTO `modules` (`id`, `class`, `flags`, `data`, `created`) VALUES('103', 'JqueryTableSorter', '1', '', '2017-10-04 20:00:18');
INSERT INTO `modules` (`id`, `class`, `flags`, `data`, `created`) VALUES('104', 'ProcessPageSearch', '1', '{\"searchFields\":\"title\",\"displayField\":\"title path\"}', '2017-10-04 20:00:18');
INSERT INTO `modules` (`id`, `class`, `flags`, `data`, `created`) VALUES('105', 'FieldtypeFieldsetOpen', '1', '', '2017-10-04 20:00:18');
INSERT INTO `modules` (`id`, `class`, `flags`, `data`, `created`) VALUES('106', 'FieldtypeFieldsetClose', '1', '', '2017-10-04 20:00:18');
INSERT INTO `modules` (`id`, `class`, `flags`, `data`, `created`) VALUES('107', 'FieldtypeFieldsetTabOpen', '1', '', '2017-10-04 20:00:18');
INSERT INTO `modules` (`id`, `class`, `flags`, `data`, `created`) VALUES('109', 'ProcessPageTrash', '1', '', '2017-10-04 20:00:18');
INSERT INTO `modules` (`id`, `class`, `flags`, `data`, `created`) VALUES('111', 'FieldtypePageTitle', '1', '', '2017-10-04 20:00:18');
INSERT INTO `modules` (`id`, `class`, `flags`, `data`, `created`) VALUES('112', 'InputfieldPageTitle', '0', '', '2017-10-04 20:00:18');
INSERT INTO `modules` (`id`, `class`, `flags`, `data`, `created`) VALUES('113', 'MarkupPageArray', '3', '', '2017-10-04 20:00:18');
INSERT INTO `modules` (`id`, `class`, `flags`, `data`, `created`) VALUES('131', 'InputfieldButton', '0', '', '2017-10-04 20:00:18');
INSERT INTO `modules` (`id`, `class`, `flags`, `data`, `created`) VALUES('133', 'FieldtypePassword', '1', '', '2017-10-04 20:00:18');
INSERT INTO `modules` (`id`, `class`, `flags`, `data`, `created`) VALUES('134', 'ProcessPageType', '33', '{\"showFields\":[]}', '2017-10-04 20:00:18');
INSERT INTO `modules` (`id`, `class`, `flags`, `data`, `created`) VALUES('135', 'FieldtypeURL', '1', '', '2017-10-04 20:00:18');
INSERT INTO `modules` (`id`, `class`, `flags`, `data`, `created`) VALUES('136', 'ProcessPermission', '1', '{\"showFields\":[\"name\",\"title\"]}', '2017-10-04 20:00:18');
INSERT INTO `modules` (`id`, `class`, `flags`, `data`, `created`) VALUES('137', 'InputfieldPageListSelectMultiple', '0', '', '2017-10-04 20:00:18');
INSERT INTO `modules` (`id`, `class`, `flags`, `data`, `created`) VALUES('138', 'ProcessProfile', '1', '{\"profileFields\":[\"pass\",\"email\",\"admin_theme\"]}', '2017-10-04 20:00:18');
INSERT INTO `modules` (`id`, `class`, `flags`, `data`, `created`) VALUES('139', 'SystemUpdater', '1', '{\"systemVersion\":16,\"coreVersion\":\"3.0.62\"}', '2017-10-04 20:00:18');
INSERT INTO `modules` (`id`, `class`, `flags`, `data`, `created`) VALUES('148', 'AdminThemeDefault', '10', '{\"colors\":\"classic\"}', '2017-10-04 20:00:18');
INSERT INTO `modules` (`id`, `class`, `flags`, `data`, `created`) VALUES('149', 'InputfieldSelector', '42', '', '2017-10-04 20:00:18');
INSERT INTO `modules` (`id`, `class`, `flags`, `data`, `created`) VALUES('150', 'ProcessPageLister', '32', '', '2017-10-04 20:00:18');
INSERT INTO `modules` (`id`, `class`, `flags`, `data`, `created`) VALUES('151', 'JqueryMagnific', '1', '', '2017-10-04 20:00:18');
INSERT INTO `modules` (`id`, `class`, `flags`, `data`, `created`) VALUES('152', 'PagePathHistory', '3', '', '2017-10-04 20:00:18');
INSERT INTO `modules` (`id`, `class`, `flags`, `data`, `created`) VALUES('155', 'InputfieldCKEditor', '0', '', '2017-10-04 20:00:18');
INSERT INTO `modules` (`id`, `class`, `flags`, `data`, `created`) VALUES('156', 'MarkupHTMLPurifier', '0', '', '2017-10-04 20:00:18');
INSERT INTO `modules` (`id`, `class`, `flags`, `data`, `created`) VALUES('158', 'ProcessRecentPages', '1', '', '2017-10-04 20:00:33');
INSERT INTO `modules` (`id`, `class`, `flags`, `data`, `created`) VALUES('159', 'ProcessLogger', '1', '', '2017-10-04 20:00:48');
INSERT INTO `modules` (`id`, `class`, `flags`, `data`, `created`) VALUES('160', 'InputfieldIcon', '0', '', '2017-10-04 20:00:48');
INSERT INTO `modules` (`id`, `class`, `flags`, `data`, `created`) VALUES('161', 'ProcessForgotPassword', '1', '{\"emailFrom\":\"neeltje.ch@gmail.com\"}', '2017-10-04 20:01:47');
INSERT INTO `modules` (`id`, `class`, `flags`, `data`, `created`) VALUES('162', 'AdminThemeReno', '10', '{\"colors\":\"\",\"avatar_field_user\":\"\",\"userFields_user\":\"admin\",\"notices\":\"fa-bell\",\"home\":\"fa-home\",\"signout\":\"fa-power-off\",\"page\":\"fa-file-text\",\"setup\":\"fa-wrench\",\"module\":\"fa-briefcase\",\"access\":\"fa-unlock\"}', '2017-10-04 20:06:26');
INSERT INTO `modules` (`id`, `class`, `flags`, `data`, `created`) VALUES('163', 'ProcessBlog', '1', '{\"blogFullyInstalled\":1,\"blogStyle\":\"2\",\"schedulePages\":\"\",\"commentsUse\":1,\"templateFilesInstall\":\"2\",\"demoJS\":\"\",\"demoCSS\":\"\",\"tagTemplatesFields\":\"-blog\",\"quickPostEditor\":1,\"blog\":1019,\"blog-posts\":\"\",\"blog-categories\":1021,\"blog-tags\":1022,\"blog-comments\":1023,\"blog-widgets\":1024,\"blog-authors\":1025,\"blog-archives\":1026,\"blog-settings\":1027,\"blog-asc\":1030,\"blog-dnc\":1031,\"blog-dc\":1032,\"blog-rposts\":1033,\"blog-rcomments\":1034,\"blog-broll\":1035,\"blog-tweets\":1037,\"blog-pauthor\":1038}', '2017-10-04 20:12:40');
INSERT INTO `modules` (`id`, `class`, `flags`, `data`, `created`) VALUES('164', 'MarkupBlog', '1', '', '2017-10-04 20:12:40');
INSERT INTO `modules` (`id`, `class`, `flags`, `data`, `created`) VALUES('165', 'BlogPublishDate', '3', '', '2017-10-04 20:12:40');
INSERT INTO `modules` (`id`, `class`, `flags`, `data`, `created`) VALUES('166', 'FieldtypeComments', '1', '', '2017-10-04 20:18:10');
INSERT INTO `modules` (`id`, `class`, `flags`, `data`, `created`) VALUES('167', 'InputfieldCommentsAdmin', '0', '', '2017-10-04 20:18:10');
INSERT INTO `modules` (`id`, `class`, `flags`, `data`, `created`) VALUES('168', 'FieldtypeRepeater', '3', '{\"repeatersRootPageID\":1017}', '2017-10-04 20:18:22');
INSERT INTO `modules` (`id`, `class`, `flags`, `data`, `created`) VALUES('169', 'InputfieldRepeater', '0', '', '2017-10-04 20:18:22');
INSERT INTO `modules` (`id`, `class`, `flags`, `data`, `created`) VALUES('170', 'InputfieldPageAutocomplete', '0', '', '2017-10-04 21:41:40');
INSERT INTO `modules` (`id`, `class`, `flags`, `data`, `created`) VALUES('171', 'ProcessDatabaseBackups', '1', '', '2017-10-05 21:15:23');
INSERT INTO `modules` (`id`, `class`, `flags`, `data`, `created`) VALUES('172', 'SimpleContactForm', '3', '{\"sendEmails\":1,\"emailSubject\":\"Webform CMS ProcessWire\",\"emailTo\":\"neeltje.ch@gmail.com\",\"emailServer\":\"neeltje.ch@gmail.com\",\"emailReplyTo\":\"neeltje.ch@gmail.com\",\"saveMessages\":1,\"saveMessagesParent\":1045,\"saveMessagesScheme\":[\"contact_name\"],\"allFields\":[\"contact_name\",\"contact_email\",\"contact_subject\",\"contact_message\"],\"addFields\":\"\",\"redirectPage\":0,\"emailMessage\":\"\",\"antiSpamTimeMin\":1,\"antiSpamTimeMax\":300,\"antiSpamPerDay\":3,\"antiSpamExcludeIps\":\"127.0.0.1\"}', '2017-10-05 21:20:44');

DROP TABLE IF EXISTS `page_path_history`;
CREATE TABLE `page_path_history` (
  `path` varchar(250) NOT NULL,
  `pages_id` int(10) unsigned NOT NULL,
  `created` timestamp NOT NULL DEFAULT CURRENT_TIMESTAMP ON UPDATE CURRENT_TIMESTAMP,
  PRIMARY KEY (`path`),
  KEY `pages_id` (`pages_id`),
  KEY `created` (`created`)
) ENGINE=MyISAM DEFAULT CHARSET=utf8;

INSERT INTO `page_path_history` (`path`, `pages_id`, `created`) VALUES('/contact/1507232008-test', '1044', '2017-10-05 21:46:18');

DROP TABLE IF EXISTS `pages`;
CREATE TABLE `pages` (
  `id` int(10) unsigned NOT NULL AUTO_INCREMENT,
  `parent_id` int(11) unsigned NOT NULL DEFAULT '0',
  `templates_id` int(11) unsigned NOT NULL DEFAULT '0',
  `name` varchar(128) CHARACTER SET ascii NOT NULL,
  `status` int(10) unsigned NOT NULL DEFAULT '1',
  `modified` timestamp NOT NULL DEFAULT CURRENT_TIMESTAMP,
  `modified_users_id` int(10) unsigned NOT NULL DEFAULT '2',
  `created` timestamp NOT NULL DEFAULT '2015-12-18 06:09:00',
  `created_users_id` int(10) unsigned NOT NULL DEFAULT '2',
  `published` datetime DEFAULT NULL,
  `sort` int(11) NOT NULL DEFAULT '0',
  PRIMARY KEY (`id`),
  UNIQUE KEY `name_parent_id` (`name`,`parent_id`),
  KEY `parent_id` (`parent_id`),
  KEY `templates_id` (`templates_id`),
  KEY `modified` (`modified`),
  KEY `created` (`created`),
  KEY `status` (`status`),
  KEY `published` (`published`)
) ENGINE=MyISAM AUTO_INCREMENT=1047 DEFAULT CHARSET=utf8;

INSERT INTO `pages` (`id`, `parent_id`, `templates_id`, `name`, `status`, `modified`, `modified_users_id`, `created`, `created_users_id`, `published`, `sort`) VALUES('1', '0', '1', 'home', '9', '2017-10-04 22:26:11', '41', '2017-10-04 20:00:18', '2', '2017-10-04 20:00:18', '0');
INSERT INTO `pages` (`id`, `parent_id`, `templates_id`, `name`, `status`, `modified`, `modified_users_id`, `created`, `created_users_id`, `published`, `sort`) VALUES('2', '1', '2', 'processwire', '1035', '2017-10-04 20:00:49', '40', '2017-10-04 20:00:18', '2', '2017-10-04 20:00:18', '5');
INSERT INTO `pages` (`id`, `parent_id`, `templates_id`, `name`, `status`, `modified`, `modified_users_id`, `created`, `created_users_id`, `published`, `sort`) VALUES('3', '2', '2', 'page', '21', '2017-10-04 20:00:18', '41', '2017-10-04 20:00:18', '2', '2017-10-04 20:00:18', '0');
INSERT INTO `pages` (`id`, `parent_id`, `templates_id`, `name`, `status`, `modified`, `modified_users_id`, `created`, `created_users_id`, `published`, `sort`) VALUES('6', '3', '2', 'add', '21', '2017-10-04 20:01:00', '40', '2017-10-04 20:00:18', '2', '2017-10-04 20:00:18', '1');
INSERT INTO `pages` (`id`, `parent_id`, `templates_id`, `name`, `status`, `modified`, `modified_users_id`, `created`, `created_users_id`, `published`, `sort`) VALUES('7', '1', '2', 'trash', '1039', '2017-10-04 20:00:18', '41', '2017-10-04 20:00:18', '2', '2017-10-04 20:00:18', '6');
INSERT INTO `pages` (`id`, `parent_id`, `templates_id`, `name`, `status`, `modified`, `modified_users_id`, `created`, `created_users_id`, `published`, `sort`) VALUES('8', '3', '2', 'list', '21', '2017-10-04 20:01:12', '41', '2017-10-04 20:00:18', '2', '2017-10-04 20:00:18', '0');
INSERT INTO `pages` (`id`, `parent_id`, `templates_id`, `name`, `status`, `modified`, `modified_users_id`, `created`, `created_users_id`, `published`, `sort`) VALUES('9', '3', '2', 'sort', '1047', '2017-10-04 20:00:18', '41', '2017-10-04 20:00:18', '2', '2017-10-04 20:00:18', '3');
INSERT INTO `pages` (`id`, `parent_id`, `templates_id`, `name`, `status`, `modified`, `modified_users_id`, `created`, `created_users_id`, `published`, `sort`) VALUES('10', '3', '2', 'edit', '1045', '2017-10-04 20:01:12', '41', '2017-10-04 20:00:18', '2', '2017-10-04 20:00:18', '4');
INSERT INTO `pages` (`id`, `parent_id`, `templates_id`, `name`, `status`, `modified`, `modified_users_id`, `created`, `created_users_id`, `published`, `sort`) VALUES('11', '22', '2', 'template', '21', '2017-10-04 20:00:18', '41', '2017-10-04 20:00:18', '2', '2017-10-04 20:00:18', '0');
INSERT INTO `pages` (`id`, `parent_id`, `templates_id`, `name`, `status`, `modified`, `modified_users_id`, `created`, `created_users_id`, `published`, `sort`) VALUES('16', '22', '2', 'field', '21', '2017-10-04 20:00:18', '41', '2017-10-04 20:00:18', '2', '2017-10-04 20:00:18', '2');
INSERT INTO `pages` (`id`, `parent_id`, `templates_id`, `name`, `status`, `modified`, `modified_users_id`, `created`, `created_users_id`, `published`, `sort`) VALUES('21', '2', '2', 'module', '21', '2017-10-04 20:00:18', '41', '2017-10-04 20:00:18', '2', '2017-10-04 20:00:18', '2');
INSERT INTO `pages` (`id`, `parent_id`, `templates_id`, `name`, `status`, `modified`, `modified_users_id`, `created`, `created_users_id`, `published`, `sort`) VALUES('22', '2', '2', 'setup', '21', '2017-10-04 20:00:18', '41', '2017-10-04 20:00:18', '2', '2017-10-04 20:00:18', '1');
INSERT INTO `pages` (`id`, `parent_id`, `templates_id`, `name`, `status`, `modified`, `modified_users_id`, `created`, `created_users_id`, `published`, `sort`) VALUES('23', '2', '2', 'login', '1035', '2017-10-04 20:00:18', '41', '2017-10-04 20:00:18', '2', '2017-10-04 20:00:18', '4');
INSERT INTO `pages` (`id`, `parent_id`, `templates_id`, `name`, `status`, `modified`, `modified_users_id`, `created`, `created_users_id`, `published`, `sort`) VALUES('27', '1', '29', 'http404', '1035', '2017-10-04 20:00:18', '41', '2017-10-04 20:00:18', '3', '2017-10-04 20:00:18', '4');
INSERT INTO `pages` (`id`, `parent_id`, `templates_id`, `name`, `status`, `modified`, `modified_users_id`, `created`, `created_users_id`, `published`, `sort`) VALUES('28', '2', '2', 'access', '13', '2017-10-04 20:00:18', '41', '2017-10-04 20:00:18', '2', '2017-10-04 20:00:18', '3');
INSERT INTO `pages` (`id`, `parent_id`, `templates_id`, `name`, `status`, `modified`, `modified_users_id`, `created`, `created_users_id`, `published`, `sort`) VALUES('29', '28', '2', 'users', '29', '2017-10-04 20:00:18', '41', '2017-10-04 20:00:18', '2', '2017-10-04 20:00:18', '0');
INSERT INTO `pages` (`id`, `parent_id`, `templates_id`, `name`, `status`, `modified`, `modified_users_id`, `created`, `created_users_id`, `published`, `sort`) VALUES('30', '28', '2', 'roles', '29', '2017-10-04 20:00:18', '41', '2017-10-04 20:00:18', '2', '2017-10-04 20:00:18', '1');
INSERT INTO `pages` (`id`, `parent_id`, `templates_id`, `name`, `status`, `modified`, `modified_users_id`, `created`, `created_users_id`, `published`, `sort`) VALUES('31', '28', '2', 'permissions', '29', '2017-10-04 20:00:18', '41', '2017-10-04 20:00:18', '2', '2017-10-04 20:00:18', '2');
INSERT INTO `pages` (`id`, `parent_id`, `templates_id`, `name`, `status`, `modified`, `modified_users_id`, `created`, `created_users_id`, `published`, `sort`) VALUES('32', '31', '5', 'page-edit', '25', '2017-10-04 20:00:18', '41', '2017-10-04 20:00:18', '2', '2017-10-04 20:00:18', '2');
INSERT INTO `pages` (`id`, `parent_id`, `templates_id`, `name`, `status`, `modified`, `modified_users_id`, `created`, `created_users_id`, `published`, `sort`) VALUES('34', '31', '5', 'page-delete', '25', '2017-10-04 20:00:18', '41', '2017-10-04 20:00:18', '2', '2017-10-04 20:00:18', '3');
INSERT INTO `pages` (`id`, `parent_id`, `templates_id`, `name`, `status`, `modified`, `modified_users_id`, `created`, `created_users_id`, `published`, `sort`) VALUES('35', '31', '5', 'page-move', '25', '2017-10-04 20:00:18', '41', '2017-10-04 20:00:18', '2', '2017-10-04 20:00:18', '4');
INSERT INTO `pages` (`id`, `parent_id`, `templates_id`, `name`, `status`, `modified`, `modified_users_id`, `created`, `created_users_id`, `published`, `sort`) VALUES('36', '31', '5', 'page-view', '25', '2017-10-04 20:00:18', '41', '2017-10-04 20:00:18', '2', '2017-10-04 20:00:18', '0');
INSERT INTO `pages` (`id`, `parent_id`, `templates_id`, `name`, `status`, `modified`, `modified_users_id`, `created`, `created_users_id`, `published`, `sort`) VALUES('37', '30', '4', 'guest', '25', '2017-10-04 20:00:18', '41', '2017-10-04 20:00:18', '2', '2017-10-04 20:00:18', '0');
INSERT INTO `pages` (`id`, `parent_id`, `templates_id`, `name`, `status`, `modified`, `modified_users_id`, `created`, `created_users_id`, `published`, `sort`) VALUES('38', '30', '4', 'superuser', '25', '2017-10-04 20:00:18', '41', '2017-10-04 20:00:18', '2', '2017-10-04 20:00:18', '1');
INSERT INTO `pages` (`id`, `parent_id`, `templates_id`, `name`, `status`, `modified`, `modified_users_id`, `created`, `created_users_id`, `published`, `sort`) VALUES('41', '29', '3', 'admin', '1', '2017-10-07 08:55:14', '40', '2017-10-04 20:00:18', '2', '2017-10-04 20:00:18', '0');
INSERT INTO `pages` (`id`, `parent_id`, `templates_id`, `name`, `status`, `modified`, `modified_users_id`, `created`, `created_users_id`, `published`, `sort`) VALUES('40', '29', '3', 'guest', '25', '2017-10-04 20:00:18', '41', '2017-10-04 20:00:18', '2', '2017-10-04 20:00:18', '1');
INSERT INTO `pages` (`id`, `parent_id`, `templates_id`, `name`, `status`, `modified`, `modified_users_id`, `created`, `created_users_id`, `published`, `sort`) VALUES('50', '31', '5', 'page-sort', '25', '2017-10-04 20:00:18', '41', '2017-10-04 20:00:18', '41', '2017-10-04 20:00:18', '5');
INSERT INTO `pages` (`id`, `parent_id`, `templates_id`, `name`, `status`, `modified`, `modified_users_id`, `created`, `created_users_id`, `published`, `sort`) VALUES('51', '31', '5', 'page-template', '25', '2017-10-04 20:00:18', '41', '2017-10-04 20:00:18', '41', '2017-10-04 20:00:18', '6');
INSERT INTO `pages` (`id`, `parent_id`, `templates_id`, `name`, `status`, `modified`, `modified_users_id`, `created`, `created_users_id`, `published`, `sort`) VALUES('52', '31', '5', 'user-admin', '25', '2017-10-04 20:00:18', '41', '2017-10-04 20:00:18', '41', '2017-10-04 20:00:18', '10');
INSERT INTO `pages` (`id`, `parent_id`, `templates_id`, `name`, `status`, `modified`, `modified_users_id`, `created`, `created_users_id`, `published`, `sort`) VALUES('53', '31', '5', 'profile-edit', '1', '2017-10-04 20:00:18', '41', '2017-10-04 20:00:18', '41', '2017-10-04 20:00:18', '13');
INSERT INTO `pages` (`id`, `parent_id`, `templates_id`, `name`, `status`, `modified`, `modified_users_id`, `created`, `created_users_id`, `published`, `sort`) VALUES('54', '31', '5', 'page-lock', '1', '2017-10-04 20:00:18', '41', '2017-10-04 20:00:18', '41', '2017-10-04 20:00:18', '8');
INSERT INTO `pages` (`id`, `parent_id`, `templates_id`, `name`, `status`, `modified`, `modified_users_id`, `created`, `created_users_id`, `published`, `sort`) VALUES('300', '3', '2', 'search', '1045', '2017-10-04 20:00:18', '41', '2017-10-04 20:00:18', '2', '2017-10-04 20:00:18', '6');
INSERT INTO `pages` (`id`, `parent_id`, `templates_id`, `name`, `status`, `modified`, `modified_users_id`, `created`, `created_users_id`, `published`, `sort`) VALUES('301', '3', '2', 'trash', '1047', '2017-10-04 20:00:18', '41', '2017-10-04 20:00:18', '2', '2017-10-04 20:00:18', '6');
INSERT INTO `pages` (`id`, `parent_id`, `templates_id`, `name`, `status`, `modified`, `modified_users_id`, `created`, `created_users_id`, `published`, `sort`) VALUES('302', '3', '2', 'link', '1041', '2017-10-04 20:00:18', '41', '2017-10-04 20:00:18', '2', '2017-10-04 20:00:18', '7');
INSERT INTO `pages` (`id`, `parent_id`, `templates_id`, `name`, `status`, `modified`, `modified_users_id`, `created`, `created_users_id`, `published`, `sort`) VALUES('303', '3', '2', 'image', '1041', '2017-10-04 20:00:18', '41', '2017-10-04 20:00:18', '2', '2017-10-04 20:00:18', '8');
INSERT INTO `pages` (`id`, `parent_id`, `templates_id`, `name`, `status`, `modified`, `modified_users_id`, `created`, `created_users_id`, `published`, `sort`) VALUES('304', '2', '2', 'profile', '1025', '2017-10-04 20:00:18', '41', '2017-10-04 20:00:18', '41', '2017-10-04 20:00:18', '5');
INSERT INTO `pages` (`id`, `parent_id`, `templates_id`, `name`, `status`, `modified`, `modified_users_id`, `created`, `created_users_id`, `published`, `sort`) VALUES('1000', '1', '26', 'search', '1025', '2017-10-04 20:00:18', '41', '2017-10-04 20:00:18', '2', '2017-10-04 20:00:18', '2');
INSERT INTO `pages` (`id`, `parent_id`, `templates_id`, `name`, `status`, `modified`, `modified_users_id`, `created`, `created_users_id`, `published`, `sort`) VALUES('1001', '1', '61', 'about', '1', '2017-10-04 22:14:45', '41', '2017-10-04 20:00:18', '2', '2017-10-04 20:00:18', '0');
INSERT INTO `pages` (`id`, `parent_id`, `templates_id`, `name`, `status`, `modified`, `modified_users_id`, `created`, `created_users_id`, `published`, `sort`) VALUES('1002', '1001', '65', 'what', '1', '2017-10-07 09:18:49', '41', '2017-10-04 20:00:18', '2', '2017-10-04 20:00:18', '0');
INSERT INTO `pages` (`id`, `parent_id`, `templates_id`, `name`, `status`, `modified`, `modified_users_id`, `created`, `created_users_id`, `published`, `sort`) VALUES('1004', '1001', '65', 'background', '1', '2017-10-07 09:13:19', '41', '2017-10-04 20:00:18', '2', '2017-10-04 20:00:18', '1');
INSERT INTO `pages` (`id`, `parent_id`, `templates_id`, `name`, `status`, `modified`, `modified_users_id`, `created`, `created_users_id`, `published`, `sort`) VALUES('1005', '1', '34', 'site-map', '1025', '2017-10-04 22:22:16', '41', '2017-10-04 20:00:18', '2', '2017-10-04 20:00:18', '1');
INSERT INTO `pages` (`id`, `parent_id`, `templates_id`, `name`, `status`, `modified`, `modified_users_id`, `created`, `created_users_id`, `published`, `sort`) VALUES('1006', '31', '5', 'page-lister', '1', '2017-10-04 20:00:18', '40', '2017-10-04 20:00:18', '40', '2017-10-04 20:00:18', '9');
INSERT INTO `pages` (`id`, `parent_id`, `templates_id`, `name`, `status`, `modified`, `modified_users_id`, `created`, `created_users_id`, `published`, `sort`) VALUES('1007', '3', '2', 'lister', '1', '2017-10-04 20:00:18', '40', '2017-10-04 20:00:18', '40', '2017-10-04 20:00:18', '9');
INSERT INTO `pages` (`id`, `parent_id`, `templates_id`, `name`, `status`, `modified`, `modified_users_id`, `created`, `created_users_id`, `published`, `sort`) VALUES('1009', '3', '2', 'recent-pages', '1', '2017-10-04 20:00:33', '40', '2017-10-04 20:00:33', '40', '2017-10-04 20:00:33', '10');
INSERT INTO `pages` (`id`, `parent_id`, `templates_id`, `name`, `status`, `modified`, `modified_users_id`, `created`, `created_users_id`, `published`, `sort`) VALUES('1010', '31', '5', 'page-edit-recent', '1', '2017-10-04 20:00:33', '40', '2017-10-04 20:00:33', '40', '2017-10-04 20:00:33', '10');
INSERT INTO `pages` (`id`, `parent_id`, `templates_id`, `name`, `status`, `modified`, `modified_users_id`, `created`, `created_users_id`, `published`, `sort`) VALUES('1011', '22', '2', 'logs', '1', '2017-10-04 20:00:48', '40', '2017-10-04 20:00:48', '40', '2017-10-04 20:00:48', '2');
INSERT INTO `pages` (`id`, `parent_id`, `templates_id`, `name`, `status`, `modified`, `modified_users_id`, `created`, `created_users_id`, `published`, `sort`) VALUES('1012', '31', '5', 'logs-view', '1', '2017-10-04 20:00:48', '40', '2017-10-04 20:00:48', '40', '2017-10-04 20:00:48', '11');
INSERT INTO `pages` (`id`, `parent_id`, `templates_id`, `name`, `status`, `modified`, `modified_users_id`, `created`, `created_users_id`, `published`, `sort`) VALUES('1013', '31', '5', 'logs-edit', '1', '2017-10-04 20:00:48', '40', '2017-10-04 20:00:48', '40', '2017-10-04 20:00:48', '12');
INSERT INTO `pages` (`id`, `parent_id`, `templates_id`, `name`, `status`, `modified`, `modified_users_id`, `created`, `created_users_id`, `published`, `sort`) VALUES('1014', '2', '2', 'blog', '1', '2017-10-04 20:12:40', '41', '2017-10-04 20:12:40', '41', '2017-10-04 20:12:40', '6');
INSERT INTO `pages` (`id`, `parent_id`, `templates_id`, `name`, `status`, `modified`, `modified_users_id`, `created`, `created_users_id`, `published`, `sort`) VALUES('1015', '31', '5', 'blog', '1', '2017-10-04 20:12:40', '41', '2017-10-04 20:12:40', '41', '2017-10-04 20:12:40', '13');
INSERT INTO `pages` (`id`, `parent_id`, `templates_id`, `name`, `status`, `modified`, `modified_users_id`, `created`, `created_users_id`, `published`, `sort`) VALUES('1016', '30', '4', 'blog-author', '1', '2017-10-04 20:18:20', '41', '2017-10-04 20:18:20', '41', '2017-10-04 20:18:20', '2');
INSERT INTO `pages` (`id`, `parent_id`, `templates_id`, `name`, `status`, `modified`, `modified_users_id`, `created`, `created_users_id`, `published`, `sort`) VALUES('1017', '2', '2', 'repeaters', '1036', '2017-10-04 20:18:22', '41', '2017-10-04 20:18:22', '41', '2017-10-04 20:18:22', '7');
INSERT INTO `pages` (`id`, `parent_id`, `templates_id`, `name`, `status`, `modified`, `modified_users_id`, `created`, `created_users_id`, `published`, `sort`) VALUES('1018', '1017', '2', 'for-field-109', '1', '2017-10-04 20:18:23', '41', '2017-10-04 20:18:23', '41', '2017-10-04 20:18:23', '0');
INSERT INTO `pages` (`id`, `parent_id`, `templates_id`, `name`, `status`, `modified`, `modified_users_id`, `created`, `created_users_id`, `published`, `sort`) VALUES('1019', '1', '43', 'blog', '1', '2017-10-04 21:35:09', '41', '2017-10-04 20:18:23', '41', '2017-10-04 20:18:23', '3');
INSERT INTO `pages` (`id`, `parent_id`, `templates_id`, `name`, `status`, `modified`, `modified_users_id`, `created`, `created_users_id`, `published`, `sort`) VALUES('1020', '1019', '51', 'example-post', '1', '2017-10-05 20:12:08', '41', '2017-10-04 20:18:23', '41', '2017-10-04 20:18:23', '0');
INSERT INTO `pages` (`id`, `parent_id`, `templates_id`, `name`, `status`, `modified`, `modified_users_id`, `created`, `created_users_id`, `published`, `sort`) VALUES('1021', '1019', '47', 'categories', '1025', '2017-10-04 21:26:35', '41', '2017-10-04 20:18:25', '41', '2017-10-04 20:18:25', '1');
INSERT INTO `pages` (`id`, `parent_id`, `templates_id`, `name`, `status`, `modified`, `modified_users_id`, `created`, `created_users_id`, `published`, `sort`) VALUES('1022', '1019', '56', 'tags', '1025', '2017-10-04 21:26:40', '41', '2017-10-04 20:18:25', '41', '2017-10-04 20:18:25', '2');
INSERT INTO `pages` (`id`, `parent_id`, `templates_id`, `name`, `status`, `modified`, `modified_users_id`, `created`, `created_users_id`, `published`, `sort`) VALUES('1023', '1019', '49', 'comments', '1025', '2017-10-04 21:26:44', '41', '2017-10-04 20:18:25', '41', '2017-10-04 20:18:25', '3');
INSERT INTO `pages` (`id`, `parent_id`, `templates_id`, `name`, `status`, `modified`, `modified_users_id`, `created`, `created_users_id`, `published`, `sort`) VALUES('1024', '1019', '57', 'widgets', '1025', '2017-10-04 20:18:25', '41', '2017-10-04 20:18:25', '41', '2017-10-04 20:18:25', '4');
INSERT INTO `pages` (`id`, `parent_id`, `templates_id`, `name`, `status`, `modified`, `modified_users_id`, `created`, `created_users_id`, `published`, `sort`) VALUES('1025', '1019', '45', 'authors', '1025', '2017-10-04 21:26:49', '41', '2017-10-04 20:18:25', '41', '2017-10-04 20:18:25', '5');
INSERT INTO `pages` (`id`, `parent_id`, `templates_id`, `name`, `status`, `modified`, `modified_users_id`, `created`, `created_users_id`, `published`, `sort`) VALUES('1026', '1019', '44', 'archives', '1025', '2017-10-04 21:26:53', '41', '2017-10-04 20:18:25', '41', '2017-10-04 20:18:25', '6');
INSERT INTO `pages` (`id`, `parent_id`, `templates_id`, `name`, `status`, `modified`, `modified_users_id`, `created`, `created_users_id`, `published`, `sort`) VALUES('1027', '1019', '60', 'settings', '1025', '2017-10-04 20:18:25', '41', '2017-10-04 20:18:25', '41', '2017-10-04 20:18:25', '7');
INSERT INTO `pages` (`id`, `parent_id`, `templates_id`, `name`, `status`, `modified`, `modified_users_id`, `created`, `created_users_id`, `published`, `sort`) VALUES('1028', '1021', '48', 'example-category', '1', '2017-10-04 20:18:25', '41', '2017-10-04 20:18:25', '41', '2017-10-04 20:18:25', '0');
INSERT INTO `pages` (`id`, `parent_id`, `templates_id`, `name`, `status`, `modified`, `modified_users_id`, `created`, `created_users_id`, `published`, `sort`) VALUES('1029', '1022', '55', 'example-tag', '1', '2017-10-04 20:18:25', '41', '2017-10-04 20:18:25', '41', '2017-10-04 20:18:25', '0');
INSERT INTO `pages` (`id`, `parent_id`, `templates_id`, `name`, `status`, `modified`, `modified_users_id`, `created`, `created_users_id`, `published`, `sort`) VALUES('1030', '1023', '46', 'always-show-comments', '1', '2017-10-04 20:18:25', '41', '2017-10-04 20:18:25', '41', '2017-10-04 20:18:25', '0');
INSERT INTO `pages` (`id`, `parent_id`, `templates_id`, `name`, `status`, `modified`, `modified_users_id`, `created`, `created_users_id`, `published`, `sort`) VALUES('1031', '1023', '46', 'disable-new-comments', '1', '2017-10-04 20:18:25', '41', '2017-10-04 20:18:25', '41', '2017-10-04 20:18:25', '1');
INSERT INTO `pages` (`id`, `parent_id`, `templates_id`, `name`, `status`, `modified`, `modified_users_id`, `created`, `created_users_id`, `published`, `sort`) VALUES('1032', '1023', '46', 'disable-comments', '1', '2017-10-04 20:18:25', '41', '2017-10-04 20:18:25', '41', '2017-10-04 20:18:25', '2');
INSERT INTO `pages` (`id`, `parent_id`, `templates_id`, `name`, `status`, `modified`, `modified_users_id`, `created`, `created_users_id`, `published`, `sort`) VALUES('1033', '1024', '53', 'recent-posts', '1', '2017-10-04 20:18:25', '41', '2017-10-04 20:18:25', '41', '2017-10-04 20:18:25', '0');
INSERT INTO `pages` (`id`, `parent_id`, `templates_id`, `name`, `status`, `modified`, `modified_users_id`, `created`, `created_users_id`, `published`, `sort`) VALUES('1034', '1024', '52', 'recent-comments', '1', '2017-10-04 20:18:25', '41', '2017-10-04 20:18:25', '41', '2017-10-04 20:18:25', '1');
INSERT INTO `pages` (`id`, `parent_id`, `templates_id`, `name`, `status`, `modified`, `modified_users_id`, `created`, `created_users_id`, `published`, `sort`) VALUES('1035', '1024', '50', 'blogroll', '1', '2017-10-04 20:18:25', '41', '2017-10-04 20:18:25', '41', '2017-10-04 20:18:25', '2');
INSERT INTO `pages` (`id`, `parent_id`, `templates_id`, `name`, `status`, `modified`, `modified_users_id`, `created`, `created_users_id`, `published`, `sort`) VALUES('1036', '1018', '2', 'for-page-1035', '17', '2017-10-04 20:18:25', '41', '2017-10-04 20:18:25', '41', '2017-10-04 20:18:25', '0');
INSERT INTO `pages` (`id`, `parent_id`, `templates_id`, `name`, `status`, `modified`, `modified_users_id`, `created`, `created_users_id`, `published`, `sort`) VALUES('1037', '1024', '54', 'recent-tweets', '1', '2017-10-04 20:18:25', '41', '2017-10-04 20:18:25', '41', '2017-10-04 20:18:25', '3');
INSERT INTO `pages` (`id`, `parent_id`, `templates_id`, `name`, `status`, `modified`, `modified_users_id`, `created`, `created_users_id`, `published`, `sort`) VALUES('1038', '1024', '58', 'post-author', '1', '2017-10-04 20:18:25', '41', '2017-10-04 20:18:25', '41', '2017-10-04 20:18:25', '4');
INSERT INTO `pages` (`id`, `parent_id`, `templates_id`, `name`, `status`, `modified`, `modified_users_id`, `created`, `created_users_id`, `published`, `sort`) VALUES('1039', '1019', '51', 'title-even', '1', '2017-10-05 20:12:26', '41', '2017-10-04 21:41:56', '41', '2017-10-04 21:41:56', '8');
INSERT INTO `pages` (`id`, `parent_id`, `templates_id`, `name`, `status`, `modified`, `modified_users_id`, `created`, `created_users_id`, `published`, `sort`) VALUES('1040', '1', '63', 'contact', '1', '2017-10-05 21:45:49', '41', '2017-10-04 22:21:31', '41', '2017-10-04 22:21:51', '7');
INSERT INTO `pages` (`id`, `parent_id`, `templates_id`, `name`, `status`, `modified`, `modified_users_id`, `created`, `created_users_id`, `published`, `sort`) VALUES('1041', '1019', '51', 'title-odd', '1', '2017-10-05 22:12:58', '41', '2017-10-05 21:02:34', '41', '2017-10-05 21:03:25', '9');
INSERT INTO `pages` (`id`, `parent_id`, `templates_id`, `name`, `status`, `modified`, `modified_users_id`, `created`, `created_users_id`, `published`, `sort`) VALUES('1042', '22', '2', 'db-backups', '1', '2017-10-05 21:15:23', '41', '2017-10-05 21:15:23', '41', '2017-10-05 21:15:23', '3');
INSERT INTO `pages` (`id`, `parent_id`, `templates_id`, `name`, `status`, `modified`, `modified_users_id`, `created`, `created_users_id`, `published`, `sort`) VALUES('1043', '31', '5', 'db-backup', '1', '2017-10-05 21:15:23', '41', '2017-10-05 21:15:23', '41', '2017-10-05 21:15:23', '14');
INSERT INTO `pages` (`id`, `parent_id`, `templates_id`, `name`, `status`, `modified`, `modified_users_id`, `created`, `created_users_id`, `published`, `sort`) VALUES('1044', '1045', '62', '1507232008-test', '1', '2017-10-05 21:46:18', '41', '2017-10-05 21:33:28', '41', '2017-10-05 21:33:28', '0');
INSERT INTO `pages` (`id`, `parent_id`, `templates_id`, `name`, `status`, `modified`, `modified_users_id`, `created`, `created_users_id`, `published`, `sort`) VALUES('1045', '1', '29', 'contact-results', '1025', '2017-10-05 21:46:22', '41', '2017-10-05 21:44:51', '41', '2017-10-05 21:45:18', '8');
INSERT INTO `pages` (`id`, `parent_id`, `templates_id`, `name`, `status`, `modified`, `modified_users_id`, `created`, `created_users_id`, `published`, `sort`) VALUES('1046', '1045', '62', '1507232808-test-2', '1', '2017-10-05 21:46:48', '41', '2017-10-05 21:46:48', '41', '2017-10-05 21:46:48', '1');

DROP TABLE IF EXISTS `pages_access`;
CREATE TABLE `pages_access` (
  `pages_id` int(11) NOT NULL,
  `templates_id` int(11) NOT NULL,
  `ts` timestamp NOT NULL DEFAULT CURRENT_TIMESTAMP ON UPDATE CURRENT_TIMESTAMP,
  PRIMARY KEY (`pages_id`),
  KEY `templates_id` (`templates_id`)
) ENGINE=MyISAM DEFAULT CHARSET=utf8;

INSERT INTO `pages_access` (`pages_id`, `templates_id`, `ts`) VALUES('37', '2', '2017-10-04 20:00:18');
INSERT INTO `pages_access` (`pages_id`, `templates_id`, `ts`) VALUES('38', '2', '2017-10-04 20:00:18');
INSERT INTO `pages_access` (`pages_id`, `templates_id`, `ts`) VALUES('32', '2', '2017-10-04 20:00:18');
INSERT INTO `pages_access` (`pages_id`, `templates_id`, `ts`) VALUES('34', '2', '2017-10-04 20:00:18');
INSERT INTO `pages_access` (`pages_id`, `templates_id`, `ts`) VALUES('35', '2', '2017-10-04 20:00:18');
INSERT INTO `pages_access` (`pages_id`, `templates_id`, `ts`) VALUES('36', '2', '2017-10-04 20:00:18');
INSERT INTO `pages_access` (`pages_id`, `templates_id`, `ts`) VALUES('50', '2', '2017-10-04 20:00:18');
INSERT INTO `pages_access` (`pages_id`, `templates_id`, `ts`) VALUES('51', '2', '2017-10-04 20:00:18');
INSERT INTO `pages_access` (`pages_id`, `templates_id`, `ts`) VALUES('52', '2', '2017-10-04 20:00:18');
INSERT INTO `pages_access` (`pages_id`, `templates_id`, `ts`) VALUES('53', '2', '2017-10-04 20:00:18');
INSERT INTO `pages_access` (`pages_id`, `templates_id`, `ts`) VALUES('54', '2', '2017-10-04 20:00:18');
INSERT INTO `pages_access` (`pages_id`, `templates_id`, `ts`) VALUES('1006', '2', '2017-10-04 20:00:18');
INSERT INTO `pages_access` (`pages_id`, `templates_id`, `ts`) VALUES('1010', '2', '2017-10-04 20:00:33');
INSERT INTO `pages_access` (`pages_id`, `templates_id`, `ts`) VALUES('1012', '2', '2017-10-04 20:00:48');
INSERT INTO `pages_access` (`pages_id`, `templates_id`, `ts`) VALUES('1013', '2', '2017-10-04 20:00:48');
INSERT INTO `pages_access` (`pages_id`, `templates_id`, `ts`) VALUES('1015', '2', '2017-10-04 20:12:40');
INSERT INTO `pages_access` (`pages_id`, `templates_id`, `ts`) VALUES('1016', '2', '2017-10-04 20:18:20');
INSERT INTO `pages_access` (`pages_id`, `templates_id`, `ts`) VALUES('1019', '1', '2017-10-04 20:18:23');
INSERT INTO `pages_access` (`pages_id`, `templates_id`, `ts`) VALUES('1023', '1', '2017-10-04 20:18:25');
INSERT INTO `pages_access` (`pages_id`, `templates_id`, `ts`) VALUES('1025', '1', '2017-10-04 20:18:25');
INSERT INTO `pages_access` (`pages_id`, `templates_id`, `ts`) VALUES('1026', '1', '2017-10-04 20:18:25');
INSERT INTO `pages_access` (`pages_id`, `templates_id`, `ts`) VALUES('1029', '56', '2017-10-04 20:18:25');
INSERT INTO `pages_access` (`pages_id`, `templates_id`, `ts`) VALUES('1030', '1', '2017-10-04 20:18:25');
INSERT INTO `pages_access` (`pages_id`, `templates_id`, `ts`) VALUES('1031', '1', '2017-10-04 20:18:25');
INSERT INTO `pages_access` (`pages_id`, `templates_id`, `ts`) VALUES('1032', '1', '2017-10-04 20:18:25');
INSERT INTO `pages_access` (`pages_id`, `templates_id`, `ts`) VALUES('1033', '57', '2017-10-04 20:18:25');
INSERT INTO `pages_access` (`pages_id`, `templates_id`, `ts`) VALUES('1034', '57', '2017-10-04 20:18:25');
INSERT INTO `pages_access` (`pages_id`, `templates_id`, `ts`) VALUES('1035', '57', '2017-10-04 20:18:25');
INSERT INTO `pages_access` (`pages_id`, `templates_id`, `ts`) VALUES('1037', '57', '2017-10-04 20:18:25');
INSERT INTO `pages_access` (`pages_id`, `templates_id`, `ts`) VALUES('1038', '57', '2017-10-04 20:18:25');
INSERT INTO `pages_access` (`pages_id`, `templates_id`, `ts`) VALUES('1001', '1', '2017-10-04 22:14:19');
INSERT INTO `pages_access` (`pages_id`, `templates_id`, `ts`) VALUES('1040', '1', '2017-10-04 22:21:31');
INSERT INTO `pages_access` (`pages_id`, `templates_id`, `ts`) VALUES('1043', '2', '2017-10-05 21:15:23');
INSERT INTO `pages_access` (`pages_id`, `templates_id`, `ts`) VALUES('1044', '1', '2017-10-05 21:33:28');
INSERT INTO `pages_access` (`pages_id`, `templates_id`, `ts`) VALUES('1045', '1', '2017-10-05 21:44:51');
INSERT INTO `pages_access` (`pages_id`, `templates_id`, `ts`) VALUES('1046', '1', '2017-10-05 21:46:48');
INSERT INTO `pages_access` (`pages_id`, `templates_id`, `ts`) VALUES('1002', '1', '2017-10-07 09:09:45');
INSERT INTO `pages_access` (`pages_id`, `templates_id`, `ts`) VALUES('1004', '1', '2017-10-07 09:12:10');

DROP TABLE IF EXISTS `pages_parents`;
CREATE TABLE `pages_parents` (
  `pages_id` int(10) unsigned NOT NULL,
  `parents_id` int(10) unsigned NOT NULL,
  PRIMARY KEY (`pages_id`,`parents_id`)
) ENGINE=MyISAM DEFAULT CHARSET=utf8;

INSERT INTO `pages_parents` (`pages_id`, `parents_id`) VALUES('2', '1');
INSERT INTO `pages_parents` (`pages_id`, `parents_id`) VALUES('3', '1');
INSERT INTO `pages_parents` (`pages_id`, `parents_id`) VALUES('3', '2');
INSERT INTO `pages_parents` (`pages_id`, `parents_id`) VALUES('7', '1');
INSERT INTO `pages_parents` (`pages_id`, `parents_id`) VALUES('22', '1');
INSERT INTO `pages_parents` (`pages_id`, `parents_id`) VALUES('22', '2');
INSERT INTO `pages_parents` (`pages_id`, `parents_id`) VALUES('28', '1');
INSERT INTO `pages_parents` (`pages_id`, `parents_id`) VALUES('28', '2');
INSERT INTO `pages_parents` (`pages_id`, `parents_id`) VALUES('29', '1');
INSERT INTO `pages_parents` (`pages_id`, `parents_id`) VALUES('29', '2');
INSERT INTO `pages_parents` (`pages_id`, `parents_id`) VALUES('29', '28');
INSERT INTO `pages_parents` (`pages_id`, `parents_id`) VALUES('30', '1');
INSERT INTO `pages_parents` (`pages_id`, `parents_id`) VALUES('30', '2');
INSERT INTO `pages_parents` (`pages_id`, `parents_id`) VALUES('30', '28');
INSERT INTO `pages_parents` (`pages_id`, `parents_id`) VALUES('31', '1');
INSERT INTO `pages_parents` (`pages_id`, `parents_id`) VALUES('31', '2');
INSERT INTO `pages_parents` (`pages_id`, `parents_id`) VALUES('31', '28');
INSERT INTO `pages_parents` (`pages_id`, `parents_id`) VALUES('1001', '1');
INSERT INTO `pages_parents` (`pages_id`, `parents_id`) VALUES('1002', '1');
INSERT INTO `pages_parents` (`pages_id`, `parents_id`) VALUES('1002', '1001');
INSERT INTO `pages_parents` (`pages_id`, `parents_id`) VALUES('1004', '1');
INSERT INTO `pages_parents` (`pages_id`, `parents_id`) VALUES('1004', '1001');
INSERT INTO `pages_parents` (`pages_id`, `parents_id`) VALUES('1005', '1');
INSERT INTO `pages_parents` (`pages_id`, `parents_id`) VALUES('1017', '2');
INSERT INTO `pages_parents` (`pages_id`, `parents_id`) VALUES('1018', '2');
INSERT INTO `pages_parents` (`pages_id`, `parents_id`) VALUES('1018', '1017');
INSERT INTO `pages_parents` (`pages_id`, `parents_id`) VALUES('1021', '1019');
INSERT INTO `pages_parents` (`pages_id`, `parents_id`) VALUES('1022', '1019');
INSERT INTO `pages_parents` (`pages_id`, `parents_id`) VALUES('1023', '1019');
INSERT INTO `pages_parents` (`pages_id`, `parents_id`) VALUES('1024', '1019');

DROP TABLE IF EXISTS `pages_sortfields`;
CREATE TABLE `pages_sortfields` (
  `pages_id` int(10) unsigned NOT NULL DEFAULT '0',
  `sortfield` varchar(20) NOT NULL DEFAULT '',
  PRIMARY KEY (`pages_id`)
) ENGINE=MyISAM DEFAULT CHARSET=utf8;


DROP TABLE IF EXISTS `process_forgot_password`;
CREATE TABLE `process_forgot_password` (
  `id` int(10) unsigned NOT NULL,
  `name` varchar(128) NOT NULL,
  `token` char(32) NOT NULL,
  `ts` int(10) unsigned NOT NULL,
  `ip` varchar(15) NOT NULL,
  PRIMARY KEY (`id`),
  KEY `token` (`token`),
  KEY `ts` (`ts`),
  KEY `ip` (`ip`)
) ENGINE=MyISAM DEFAULT CHARSET=ascii;


DROP TABLE IF EXISTS `session_login_throttle`;
CREATE TABLE `session_login_throttle` (
  `name` varchar(128) NOT NULL,
  `attempts` int(10) unsigned NOT NULL DEFAULT '0',
  `last_attempt` int(10) unsigned NOT NULL,
  PRIMARY KEY (`name`)
) ENGINE=MyISAM DEFAULT CHARSET=utf8;

INSERT INTO `session_login_throttle` (`name`, `attempts`, `last_attempt`) VALUES('admin', '2', '1507366537');

DROP TABLE IF EXISTS `templates`;
CREATE TABLE `templates` (
  `id` int(10) unsigned NOT NULL AUTO_INCREMENT,
  `name` varchar(250) CHARACTER SET ascii NOT NULL,
  `fieldgroups_id` int(10) unsigned NOT NULL DEFAULT '0',
  `flags` int(11) NOT NULL DEFAULT '0',
  `cache_time` mediumint(9) NOT NULL DEFAULT '0',
  `data` text NOT NULL,
  PRIMARY KEY (`id`),
  UNIQUE KEY `name` (`name`),
  KEY `fieldgroups_id` (`fieldgroups_id`)
) ENGINE=MyISAM AUTO_INCREMENT=66 DEFAULT CHARSET=utf8;

INSERT INTO `templates` (`id`, `name`, `fieldgroups_id`, `flags`, `cache_time`, `data`) VALUES('2', 'admin', '2', '8', '0', '{\"useRoles\":1,\"parentTemplates\":[2],\"allowPageNum\":1,\"redirectLogin\":23,\"slashUrls\":1,\"noGlobal\":1,\"compile\":3,\"modified\":1507241071,\"ns\":\"ProcessWire\"}');
INSERT INTO `templates` (`id`, `name`, `fieldgroups_id`, `flags`, `cache_time`, `data`) VALUES('3', 'user', '3', '8', '0', '{\"useRoles\":1,\"noChildren\":1,\"parentTemplates\":[2],\"slashUrls\":1,\"pageClass\":\"User\",\"noGlobal\":1,\"noMove\":1,\"noTrash\":1,\"noSettings\":1,\"noChangeTemplate\":1,\"nameContentTab\":1}');
INSERT INTO `templates` (`id`, `name`, `fieldgroups_id`, `flags`, `cache_time`, `data`) VALUES('4', 'role', '4', '8', '0', '{\"noChildren\":1,\"parentTemplates\":[2],\"slashUrls\":1,\"pageClass\":\"Role\",\"noGlobal\":1,\"noMove\":1,\"noTrash\":1,\"noSettings\":1,\"noChangeTemplate\":1,\"nameContentTab\":1}');
INSERT INTO `templates` (`id`, `name`, `fieldgroups_id`, `flags`, `cache_time`, `data`) VALUES('5', 'permission', '5', '8', '0', '{\"noChildren\":1,\"parentTemplates\":[2],\"slashUrls\":1,\"guestSearchable\":1,\"pageClass\":\"Permission\",\"noGlobal\":1,\"noMove\":1,\"noTrash\":1,\"noSettings\":1,\"noChangeTemplate\":1,\"nameContentTab\":1}');
INSERT INTO `templates` (`id`, `name`, `fieldgroups_id`, `flags`, `cache_time`, `data`) VALUES('1', 'home', '1', '0', '0', '{\"useRoles\":1,\"noParents\":1,\"slashUrls\":1,\"compile\":3,\"modified\":1507370758,\"ns\":\"\\\\\",\"roles\":[37]}');
INSERT INTO `templates` (`id`, `name`, `fieldgroups_id`, `flags`, `cache_time`, `data`) VALUES('29', 'basic-page', '83', '0', '0', '{\"slashUrls\":1,\"compile\":3,\"modified\":1507241071,\"ns\":\"\\\\\"}');
INSERT INTO `templates` (`id`, `name`, `fieldgroups_id`, `flags`, `cache_time`, `data`) VALUES('26', 'search', '80', '0', '0', '{\"noChildren\":1,\"noParents\":1,\"allowPageNum\":1,\"slashUrls\":1,\"compile\":3,\"modified\":1507241073,\"ns\":\"\\\\\"}');
INSERT INTO `templates` (`id`, `name`, `fieldgroups_id`, `flags`, `cache_time`, `data`) VALUES('34', 'sitemap', '88', '0', '0', '{\"noChildren\":1,\"noParents\":1,\"redirectLogin\":23,\"slashUrls\":1,\"compile\":3,\"modified\":1507241073,\"ns\":\"\\\\\"}');
INSERT INTO `templates` (`id`, `name`, `fieldgroups_id`, `flags`, `cache_time`, `data`) VALUES('43', 'blog', '97', '0', '0', '{\"noParents\":1,\"allowPageNum\":1,\"slashUrls\":1,\"compile\":3,\"label\":\"Blog\",\"tags\":\"-blog\",\"modified\":1507241071,\"ns\":\"\\\\\"}');
INSERT INTO `templates` (`id`, `name`, `fieldgroups_id`, `flags`, `cache_time`, `data`) VALUES('44', 'blog-archives', '98', '0', '0', '{\"noChildren\":1,\"noParents\":1,\"allowPageNum\":1,\"urlSegments\":1,\"slashUrls\":1,\"compile\":3,\"label\":\"Blog Archives\",\"tags\":\"-blog\",\"modified\":1507241071,\"ns\":\"\\\\\"}');
INSERT INTO `templates` (`id`, `name`, `fieldgroups_id`, `flags`, `cache_time`, `data`) VALUES('45', 'blog-authors', '99', '0', '0', '{\"noChildren\":1,\"noParents\":1,\"allowPageNum\":1,\"urlSegments\":1,\"slashUrls\":1,\"compile\":3,\"label\":\"Blog Authors\",\"tags\":\"-blog\",\"modified\":1507241071,\"ns\":\"\\\\\"}');
INSERT INTO `templates` (`id`, `name`, `fieldgroups_id`, `flags`, `cache_time`, `data`) VALUES('46', 'blog-basic', '100', '0', '0', '{\"slashUrls\":1,\"compile\":3,\"label\":\"Blog Basic\",\"tags\":\"-blog\",\"modified\":1507241071,\"ns\":\"\\\\\"}');
INSERT INTO `templates` (`id`, `name`, `fieldgroups_id`, `flags`, `cache_time`, `data`) VALUES('47', 'blog-categories', '101', '0', '0', '{\"useRoles\":1,\"noParents\":1,\"childTemplates\":[48],\"slashUrls\":1,\"compile\":3,\"label\":\"Blog Categories\",\"tags\":\"-blog\",\"modified\":1507241072,\"ns\":\"\\\\\",\"roles\":[37]}');
INSERT INTO `templates` (`id`, `name`, `fieldgroups_id`, `flags`, `cache_time`, `data`) VALUES('48', 'blog-category', '102', '0', '0', '{\"useRoles\":1,\"noChildren\":1,\"parentTemplates\":[47],\"allowPageNum\":1,\"urlSegments\":1,\"slashUrls\":1,\"compile\":3,\"label\":\"Blog Category\",\"tags\":\"-blog\",\"modified\":1507141105,\"ns\":\"\\\\\",\"roles\":[37]}');
INSERT INTO `templates` (`id`, `name`, `fieldgroups_id`, `flags`, `cache_time`, `data`) VALUES('49', 'blog-comments', '103', '0', '0', '{\"noChildren\":1,\"noParents\":1,\"allowPageNum\":1,\"urlSegments\":1,\"slashUrls\":1,\"compile\":3,\"label\":\"Blog Comments (List)\",\"tags\":\"-blog\",\"modified\":1507241072,\"ns\":\"\\\\\"}');
INSERT INTO `templates` (`id`, `name`, `fieldgroups_id`, `flags`, `cache_time`, `data`) VALUES('50', 'blog-links', '104', '0', '0', '{\"noChildren\":1,\"slashUrls\":1,\"compile\":3,\"label\":\"Blog Widget: Links\",\"tags\":\"-blog\",\"modified\":1507241072,\"ns\":\"\\\\\"}');
INSERT INTO `templates` (`id`, `name`, `fieldgroups_id`, `flags`, `cache_time`, `data`) VALUES('51', 'blog-post', '105', '0', '0', '{\"useRoles\":1,\"noChildren\":1,\"parentTemplates\":[43],\"allowChangeUser\":1,\"slashUrls\":1,\"compile\":3,\"label\":\"Blog Post\",\"tags\":\"-blog\",\"modified\":1507369604,\"ns\":\"\\\\\",\"roles\":[37]}');
INSERT INTO `templates` (`id`, `name`, `fieldgroups_id`, `flags`, `cache_time`, `data`) VALUES('52', 'blog-recent-comments', '106', '0', '0', '{\"noChildren\":1,\"noParents\":1,\"slashUrls\":1,\"compile\":3,\"label\":\"Blog Widget: Recent Comments\",\"tags\":\"-blog\",\"modified\":1507241072,\"ns\":\"\\\\\"}');
INSERT INTO `templates` (`id`, `name`, `fieldgroups_id`, `flags`, `cache_time`, `data`) VALUES('53', 'blog-recent-posts', '107', '0', '0', '{\"noChildren\":1,\"slashUrls\":1,\"compile\":3,\"label\":\"Blog Widget: Recent Posts\",\"tags\":\"-blog\",\"modified\":1507241072,\"ns\":\"\\\\\"}');
INSERT INTO `templates` (`id`, `name`, `fieldgroups_id`, `flags`, `cache_time`, `data`) VALUES('54', 'blog-recent-tweets', '108', '0', '0', '{\"noChildren\":1,\"noParents\":1,\"slashUrls\":1,\"compile\":3,\"label\":\"Blog Widget: Recent Tweets\",\"tags\":\"-blog\",\"modified\":1507241072,\"ns\":\"\\\\\"}');
INSERT INTO `templates` (`id`, `name`, `fieldgroups_id`, `flags`, `cache_time`, `data`) VALUES('55', 'blog-tag', '109', '0', '0', '{\"noChildren\":1,\"parentTemplates\":[56],\"allowPageNum\":1,\"urlSegments\":1,\"slashUrls\":1,\"compile\":3,\"label\":\"Blog Tag\",\"tags\":\"-blog\",\"modified\":1507241072,\"ns\":\"\\\\\"}');
INSERT INTO `templates` (`id`, `name`, `fieldgroups_id`, `flags`, `cache_time`, `data`) VALUES('56', 'blog-tags', '110', '0', '0', '{\"useRoles\":1,\"noParents\":1,\"childTemplates\":[55],\"slashUrls\":1,\"compile\":3,\"label\":\"Blog Tags\",\"tags\":\"-blog\",\"modified\":1507241073,\"ns\":\"\\\\\",\"roles\":[37]}');
INSERT INTO `templates` (`id`, `name`, `fieldgroups_id`, `flags`, `cache_time`, `data`) VALUES('57', 'blog-widgets', '111', '0', '0', '{\"useRoles\":1,\"noParents\":1,\"slashUrls\":1,\"compile\":3,\"label\":\"Blog Widgets\",\"tags\":\"-blog\",\"modified\":1507141103}');
INSERT INTO `templates` (`id`, `name`, `fieldgroups_id`, `flags`, `cache_time`, `data`) VALUES('58', 'blog-widget-basic', '112', '0', '0', '{\"noChildren\":1,\"slashUrls\":1,\"compile\":3,\"label\":\"Blog Widget: Basic\",\"tags\":\"-blog\",\"modified\":1507141103}');
INSERT INTO `templates` (`id`, `name`, `fieldgroups_id`, `flags`, `cache_time`, `data`) VALUES('59', 'repeater_blog-links', '113', '8', '0', '{\"noChildren\":1,\"noParents\":1,\"slashUrls\":1,\"compile\":3,\"tags\":\"-blog\",\"modified\":1507141103}');
INSERT INTO `templates` (`id`, `name`, `fieldgroups_id`, `flags`, `cache_time`, `data`) VALUES('60', 'blog-settings', '114', '0', '0', '{\"useRoles\":1,\"noChildren\":1,\"noParents\":1,\"slashUrls\":1,\"compile\":3,\"label\":\"Blog Settings\",\"tags\":\"-blog\",\"modified\":1507141103}');
INSERT INTO `templates` (`id`, `name`, `fieldgroups_id`, `flags`, `cache_time`, `data`) VALUES('61', 'about-page', '115', '0', '0', '{\"slashUrls\":1,\"compile\":3,\"modified\":1507368093,\"ns\":\"\\\\\"}');
INSERT INTO `templates` (`id`, `name`, `fieldgroups_id`, `flags`, `cache_time`, `data`) VALUES('62', 'simple_contact_form_messages', '116', '0', '0', '{\"slashUrls\":1,\"compile\":3,\"tags\":\"scf\",\"modified\":1507231330,\"noPrependTemplateFile\":1,\"noAppendTemplateFile\":1}');
INSERT INTO `templates` (`id`, `name`, `fieldgroups_id`, `flags`, `cache_time`, `data`) VALUES('63', 'contact-page', '117', '0', '0', '{\"slashUrls\":1,\"compile\":3,\"modified\":1507241073,\"ns\":\"\\\\\"}');
INSERT INTO `templates` (`id`, `name`, `fieldgroups_id`, `flags`, `cache_time`, `data`) VALUES('65', 'member-page', '119', '0', '0', '{\"slashUrls\":1,\"compile\":3,\"modified\":1507367955,\"ns\":\"\\\\\"}');

# --- /WireDatabaseBackup {"numTables":55,"numCreateTables":55,"numInserts":667,"numSeconds":1}